{
  "modelFileName": "sv98.obj",
  "arms": {
    "leftHandAmmo": true,
    "actionArm": "Right",
    "actionType": "Bolt",
    "leftArm": {
      "armScale": {
        "x": 0.7,
        "y": 1.0,
        "z": 0.7
      },
      "armPos": {
        "x": 0.03,
        "y": -0.91,
        "z": 0.11
      },
      "armRot": {
        "x": 65.0,
        "y": 32.0,
        "z": -46.0
      },
      "armReloadPos": {
        "x": -0.3,
        "y": -0.85,
        "z": 0.1
      },
      "armReloadRot": {
        "x": 35.0,
        "y": 0.0,
        "z": -25.0
      }
    },
    "rightArm": {
      "armScale": {
        "x": 0.7,
        "y": 1.0,
        "z": 0.7
      },
      "armPos": {
        "x": 0.2,
        "y": -0.67,
        "z": 0.0
      },
      "armRot": {
        "x": 0.0,
        "y": 0.0,
        "z": -90.0
      },
      "armChargePos": {
        "x": 0.3,
        "y": -0.5,
        "z": 0.14
      },
      "armChargeRot": {
        "x": 0.0,
        "y": 4.95,
        "z": -70.0
      }
    }
  },
  "sprint": {
    "sprintRotate": {
      "x": 10.0,
      "y": 30.0,
      "z": 0.0
    },
    "sprintTranslate": {
      "x": 0.9,
      "y": -0.1,
      "z": -0.7
    }
  },
  "thirdPerson": {
    "thirdPersonOffset": {
      "x": 0.0,
      "y": -0.1,
      "z": 0.0
    },
    "backPersonOffset": {
      "x": 0.0,
      "y": 0.0,
      "z": 0.0
    },
    "thirdPersonScale": 1
  },
  "aim": {
    "rotateHipPosition": {
      "x": 0.0,
      "y": 0.0,
      "z": 0.0
    },
    "translateHipPosition": {
      "x": -0.08,
      "y": -0.03,
      "z": 0.0
    },
    "rotateAimPosition": {
      "x": 0.0,
      "y": 0.0,
      "z": 0.0
    },
    "translateAimPosition": {
      "x": 0.15,
      "y": 0.0,
      "z": 0.0
    }
  },
  "attachments": {
    "aimPointMap": {
      "beta4.sv98_scope": [
        {
          "x": -0.5,
          "y": -0.55,
          "z": 0.0
        },
        {
          "x": 0.0,
          "y": 0.0,
          "z": 0.0
        }
      ]
    }
  },
  "bolt": {
    "boltRotation": 0.0,
    "boltRotationPoint": {
      "x": 0.0,
      "y": 0.0,
      "z": 0.0
    },
    "pumpHandleDistance": 0.1,
    "chargeModifier": {
      "x": 0.1,
      "y": 0,
      "z": 0
    }
  },
  "itemFrame": {
    "translate": {
      "x": 0.0,
      "y": 0.0,
      "z": 0.0
    }
  },
  "extra": {
    "translateAll": {
      "x": 0,
      "y": 0,
      "z": 0
    },
    "reloadAnimation": "sniper",
    "modelScale": 1.2,
    "gunOffsetScoping": 0.0,
    "crouchZoom": -0.05,
    "adsSpeed": 0.07,
    "gunSlideDistance": 0.05,
    "modelRecoilBackwards": 0.15,
    "modelRecoilUpwards": 1.0,
    "modelRecoilShake": 0.5
  }
}