{
  "modelFileName": "dt_mdr.obj",
  "arms": {
    "leftHandAmmo": true,
    "actionArm": "Right",
    "actionType": "Charge",
    "leftArm": {
      "armScale": {
        "x": 0.7,
        "y": 1.0,
        "z": 0.7
      },
      "armPos": {
        "x": 0.05,
        "y": -0.9,
        "z": 0.1
      },
      "armRot": {
        "x": 65.0,
        "y": 32.0,
        "z": -46.0
      },
      "armReloadPos": {
        "x": -0.35,
        "y": -1.0,
        "z": 0.1
      },
      "armReloadRot": {
        "x": 35.0,
        "y": 0.0,
        "z": -25.0
      }
    },
    "rightArm": {
      "armScale": {
        "x": 0.7,
        "y": 1.0,
        "z": 0.7
      },
      "armPos": {
        "x": 0.21,
        "y": -0.71,
        "z": 0.0
      },
      "armRot": {
        "x": 0.0,
        "y": 0.0,
        "z": -90.0
      },
      "armReloadPos": {
        "x": 0.21,
        "y": -0.71,
        "z": 0.0
      },
      "armReloadRot": {
        "x": 0.0,
        "y": 0.0,
        "z": -90.0
      },
      "armChargePos": {
        "x": 0.1,
        "y": -0.45,
        "z": 0.14
      },
      "armChargeRot": {
        "x": 0.0,
        "y": 4.95,
        "z": -70.0
      }
    }
  },
  "sprint": {
    "sprintRotate": {
      "x": -20.0,
      "y": 30.0,
      "z": -0.0
    },
    "sprintTranslate": {
      "x": 0.5,
      "y": -0.15,
      "z": -0.65
    }
  },
  "thirdPerson": {
    "thirdPersonOffset": {
      "x": 0.0,
      "y": -0.1,
      "z": 0.0
    },
    "backPersonOffset": {
      "x": 0.0,
      "y": 0.0,
      "z": 0.0
    },
    "thirdPersonScale": 0.8
  },
  "aim": {
    "rotateHipPosition": {
      "x": 0.0,
      "y": -0.01,
      "z": 0.0
    },
    "translateHipPosition": {
      "x": 0.0,
      "y": 0.0,
      "z": 0.0
    },
    "rotateAimPosition": {
      "x": 0.0,
      "y": 0.0,
      "z": 0.0
    },
    "translateAimPosition": {
      "x": 0.0,
      "y": -0.025,
      "z": 0.0
    }
  },
  "attachments": {
    "attachmentPointMap": {
      "barrel": [
        {
          "x": 0.0,
          "y": 0.0,
          "z": 0.0
        },
        {
          "x": 0.0,
          "y": 0.0,
          "z": 0.0
        }
      ],
      "sight": [
        {
          "x": 0.0,
          "y": 0.0,
          "z": 0.0
        },
        {
          "x": 0.0,
          "y": 0.0,
          "z": 0.0
        }
      ]
    }
  },
  "itemFrame": {
    "translate": {
      "x": 2.0,
      "y": 0.0,
      "z": 0.0
    }
  },
  "extra": {
    "translateAll": {
      "x": 0.0,
      "y": 0.4,
      "z": 0.0
    },
    "modelScale": 1.2,
    "reloadAnimation": "pistol",
    "needExtraChargeModel": true,
    "chargeHandleDistance": 0.15,
    "gunOffsetScoping": 0.0,
    "crouchZoom": -0.035,
    "adsSpeed": 0.02,
    "gunSlideDistance": 0.25,
    "modelRecoilBackwards": 0.15,
    "modelRecoilUpwards": 1.0,
    "modelRecoilShake": 0.5
  }
}