{
    "internalName": "beta4.dsr1",
    "displayName": "DSR-1",
    "weaponType": "semisniper",

    "gunDamage": 18,
    "gunDamageHeadshotBonus": 14,

    "roundsPerMin": 85,

    "allowEmptyMagazines": true,

    "recoilPitch": 10.5,
    "recoilYaw": 1.5,
    "randomRecoilPitch": 0.8,
    "randomRecoilYaw": 0.8,

    "accuracySneakFactor": 0.75,
    "moveSpeedModifier": 1.0,
    "allowSprintFiring": true,

    "fireModes": ["semi"],

    "acceptedAmmo": [
        "beta4.rifle_ammo"
    ],

    "shellEjectOffsetNormal": {
        "x": -1.0,
        "y": 0.0,
        "z": 1.0
    },
    "shellEjectOffsetAiming": {
        "x": -0.2,
        "y": 0.12,
        "z": 0.5
    },
    "weaponSoundMap": {
        "weaponFire": [
            {
                "soundEvent": "weaponFire",
                "soundName": "prototype.m14.shoot",
                "soundNameDistant": "prototype.m14.distant",
                "soundRange": 64,
                "soundMaxRange": 96,
                "soundFadeMultiplier": 1
            }
        ],
        "weaponUnload": [
            {
                "soundEvent": "weaponReload",
                "soundName": "prototype.sks.reload"
            }
        ],
        "prototype.l115a3.shoot.sup": [
            {
                "soundEvent": "weaponFireSuppressed",
                "soundName": "prototype.sks.shoot.sup",
                "soundRange": 30,
                "soundMaxRange": 30,
                "soundFadeMultiplier": 1
            }
        ]
    },
    "acceptedAttachments": {
        "sight": [
            "prototype.long_scope"
        ]
    },
    "modelSkins": [
        {
            "internalName": "beta4.dsr1",
            "skinAsset": "beta4.dsr1",
            "displayName": "Default"
        }
    ]
}