{
    "internalName": "beta4.xm8",
    "displayName": "HK XM8",
    "weaponType": "ar",

    "gunDamage": 9,
    "gunDamageHeadshotBonus": 4,

    "roundsPerMin": 580,

    "allowEmptyMagazines": true,

    "recoilPitch": 2.0,
    "recoilYaw": 0.5,
    "randomRecoilPitch": 0.6,
    "randomRecoilYaw": 0.3,

    "accuracySneakFactor": 0.75,
    "moveSpeedModifier": 0.97,
    "allowSprintFiring": true,

    "fireModes": ["full", "semi", "burst"],
    "acceptedAmmo": ["prototype.hk416ammo"],

    "dropBulletCasing": true,

    "shellEjectOffsetNormal": {
        "x": -1.0,
        "y": 0.0,
        "z": 1.0
    },
    "shellEjectOffsetAiming": {
        "x": -0.2,
        "y": 0.12,
        "z": 0.5
    },
    "weaponSoundMap": {
        "weaponFire": [
            {
                "soundEvent": "weaponFire",
                "soundName": "prototype.hk416.shoot",
                "soundNameDistant": "prototype.hk416.shoot.distant",
                "soundRange": 64,
                "soundMaxRange": 96,
                "soundFadeMultiplier": 1
            }
        ],
        "weaponUnload": [
            {
                "soundEvent": "weaponReload",
                "soundName": "prototype.generic.reload"
            }
        ],
        "weaponFireSuppressed": [
            {
                "soundEvent": "weaponFireSuppressed",
                "soundName": "prototype.hk416.shoot.sup",
                "soundRange": 30,
                "soundMaxRange": 30,
                "soundFadeMultiplier": 1
            }
        ]
    },
    "acceptedAttachments": {
        "sight": [
            "beta4.xm8_scope"
        ]
    },
    "modelSkins": [
        {
            "internalName": "beta4.xm8",
            "skinAsset": "beta4.xm8",
            "displayName": "Default"
        }
    ]
}