{
    "internalName": "beta4.vector",
    "displayName": "TDI Kriss Vector",
    "weaponType": "mp",

    "gunDamage": 6,
    "gunDamageHeadshotBonus": 2.0,

    "roundsPerMin": 550,

    "allowEmptyMagazines": true,

    "recoilPitch": 2.25,
    "recoilYaw": 0.35,
    "randomRecoilPitch": 0.4,
    "randomRecoilYaw": 0.82,
    "bulletSpread": 1.3,

    "accuracySneakFactor": 0.5,
    "moveSpeedModifier": 1.0,
    "allowSprintFiring": true,

    "dropBulletCasing": true,

    "fireModes": ["full", "semi"],
    "acceptedAmmo": ["prototype.fnx45ammo"],

    "shellEjectOffsetNormal": {
        "x": -1.0,
        "y": 0.0,
        "z": 1.0
    },
    "shellEjectOffsetAiming": {
        "x": -0.2,
        "y": 0.12,
        "z": 0.5
    },
    "weaponSoundMap": {
        "weaponFire": [
            {
                "soundEvent": "weaponFire",
                "soundName": "prototype.mp5sd.shoot",
                "soundRange": 64,
                "soundMaxRange": 96,
                "soundFadeMultiplier": 1
            }
        ],
        "weaponUnload": [
            {
                "soundEvent": "weaponReload",
                "soundName": "prototype.generic.reload"
            }
        ]
    },
    "acceptedAttachments": {
        "grip": [
            "beta4.kriss_grip"
        ],
        "sight": [
            "beta4.kriss_sight"
        ]
    },
    "modelSkins": [
        {
            "internalName": "beta4.vector",
            "skinAsset": "beta4.vector",
            "displayName": "Default"
        }
    ]
}