{
  "displayName": "SV-98",
  "internalName": "beta4.sv98",
  "weaponType": "boltsniper",
  "gunDamage": 22,
  "gunDamageHeadshotBonus": 1,
  "roundsPerMin": 24,
  "acceptedAmmo": [
    "beta4.rifle_ammo"
  ],
  "fireModes": [
    "semi"
  ],
  "recoilPitch": 6,
  "recoilYaw": 0.5,
  "randomRecoilPitch": 0.0,
  "randomRecoilYaw": 0.5,
  "allowSprintFiring": true,
  "allowEmptyMagazines": true,
  "moveSpeedModifier": 0.9,
  "accuracySneakFactor": 0.5,
  "dropBulletCasing": true,
  "shellEjectOffsetNormal": {
    "x": -1,
    "y": 0,
    "z": 1
  },
  "shellEjectOffsetAiming": {
    "x": -0.2,
    "y": 0.12,
    "z": 0.5
  },
  "weaponSoundMap": {
    "weaponFire": [
      {
        "soundEvent": "weaponFire",
        "soundName": "prototype.l115a3.shoot",
        "soundNameDistant": "prototype.l115a3.distant",
        "soundRange": 64,
        "soundMaxRange": 96,
        "soundFadeMultiplier": 1
      }
    ],
    "weaponFireSuppressed": [
      {
        "soundEvent": "weaponFireSuppressed",
        "soundName": "prototype.l115a3.shoot.sup",
        "soundNameDistant": "prototype.l115a3.sup",
        "soundRange": 20,
        "soundMaxRange": 50,
        "soundFadeMultiplier": 1
      }
    ],
    "weaponReload": [
      {
        "soundEvent": "weaponReload",
        "soundName": "prototype.l115a3.reload"
      }
    ],
    "weaponBolt": [
      {
        "soundEvent": "weaponBolt",
        "soundName": "prototype.l115a3.bolt"
      }
    ]
  },
  "acceptedAttachments": {
    "sight": [
      "beta4.sv98_scope"
    ]
  },
  "modelSkins": [
    {
      "internalName": "beta4.sv98",
      "skinAsset": "beta4.sv98",
      "displayName": "Default"
    }
  ]
}