{
    "internalName": "beta4.tec9",
    "displayName": "Intratec TEC-DC9",
    "weaponType": "pistol",
    "gunDamage": 6,
    "roundsPerMin": 315,
    "allowEmptyMagazines": true,
    "recoilPitch": 1.0,
    "recoilYaw": 0.2,
    "randomRecoilPitch": 0.0,
    "randomRecoilYaw": 0.5,
    "armPose": "ITEM",
    "armPoseAiming": "BOW_AND_ARROW",
    "accuracySneakFactor": 0.75,
    "moveSpeedModifier": 1,
    "allowSprintFiring": true,
    "fireModes": [
        "semi"
    ],
    "acceptedAmmo": [
        "prototype.fnx45ammo"
    ],
    "dropBulletCasing": true,
    "shellEjectOffsetNormal": {
        "x": -1,
        "y": 0,
        "z": 1
    },
    "shellEjectOffsetAiming": {
        "x": -0.2,
        "y": 0.12,
        "z": 0.5
    },
    "weaponSoundMap": {
        "weaponFire": [
            {
                "soundEvent": "weaponFire",
                "soundName": "prototype.p88.shoot",
                "soundNameDistant": "omw.fiveseven.distant",
                "soundRange": 64,
                "soundMaxRange": 96,
                "soundFadeMultiplier": 1
            }
        ],
        "weaponUnload": [
            {
                "soundEvent": "weaponReload",
                "soundName": "prototype.p88.reload"
            }
        ],
        "weaponFireSuppressed": [
            {
                "soundEvent": "weaponFireSuppressed",
                "soundName": "prototype.p88.shoot.sup",
                "soundRange": 40,
                "soundMaxRange": 70,
                "soundFadeMultiplier": 1
            }
        ]
    },
    "acceptedAttachments": {
        "barrel": [
            "prototype.pistol_suppressor"
        ]
    },
    "modelSkins": [
        {
            "internalName": "beta4.tec9",
            "skinAsset": "beta4.tec9",
            "displayName": "Default"
        }
    ]
}