{
    "internalName": "fun.silicone_gun",
    "displayName": "UltraMegaGun 1000 damage",
    "weaponType": "smg",

    "gunDamage": 1,
    "gunDamageHeadshotBonus": 2.0,

    "roundsPerMin": 500,

    "allowEmptyMagazines": true,

    "recoilPitch": 0.2,
    "recoilYaw": 0.1,
    "randomRecoilPitch": 0.2,
    "randomRecoilYaw": 0.1,

    "accuracySneakFactor": 0.5,
    "moveSpeedModifier": 1.0,
    "allowSprintFiring": true,

    "dropBulletCasing": true,

    "fireModes": ["full", "semi"],
    "acceptedAmmo": ["prototype.fnx45ammo"],

    "shellEjectOffsetNormal": {
        "x": -1.0,
        "y": 0.0,
        "z": 1.0
    },
    "shellEjectOffsetAiming": {
        "x": -0.2,
        "y": 0.12,
        "z": 0.5
    },
    "weaponSoundMap": {
        "weaponFire": [
            {
                "soundEvent": "weaponFire",
                "soundName": "prototype.mp5sd.shoot",
                "soundRange": 64,
                "soundMaxRange": 96,
                "soundFadeMultiplier": 1
            }
        ],
        "weaponUnload": [
            {
                "soundEvent": "weaponReload",
                "soundName": "prototype.generic.reload"
            }
        ]
    },
    "modelSkins": [
        {
            "internalName": "fun.silicone_gun",
            "skinAsset": "fun.silicone_gun",
            "displayName": "Default"
        }
    ]
}