{
	"credit": "not By NZ in Blockbench",
	"texture_size": [32, 32],
	"textures": {
		"2": "modularwarfare:items/guns/prototype.vz68",
		"particle": "modularwarfare:items/guns/prototype.vz68"
	},
	"elements": [
		{
			"from": [7.525, 3.95469, 7.02969],
			"to": [8.475, 4.22031, 7.32031],
			"rotation": {"angle": 0, "axis": "y", "origin": [8, 7.925, 9.65]},
			"faces": {
				"north": {"uv": [13.5, 13, 14.1, 13.125], "texture": "#2"},
				"east": {"uv": [14.5, 12, 14.7, 12.125], "texture": "#2"},
				"south": {"uv": [13, 14.5, 13.6, 14.625], "texture": "#2"},
				"west": {"uv": [12.5, 12.5, 13.2, 13.125], "texture": "#2"},
				"up": {"uv": [14.5, 14, 15.1, 14.2], "texture": "#2"},
				"down": {"uv": [15, 12.5, 15.6, 12.7], "texture": "#2"}
			}
		},
		{
			"from": [7.76563, 1.56617, 7.59825],
			"to": [8.23438, 3.28492, 8.43575],
			"rotation": {"angle": 0, "axis": "y", "origin": [8.2, 9.99742, 9.18575]},
			"faces": {
				"north": {"uv": [12, 0.5, 14, 6.8125], "texture": "#2"},
				"east": {"uv": [14.5, 7, 13.575, 2.8125], "texture": "#2"},
				"south": {"uv": [11.5, 6, 15, 9.8125], "texture": "#2"},
				"west": {"uv": [10.5, 0, 13.5, 5.3125], "texture": "#2"},
				"up": {"uv": [11, 6.5, 14, 10.075], "texture": "#2"},
				"down": {"uv": [14, 0, 16, 9.075], "texture": "#2"}
			}
		},
		{
			"from": [7.76563, 0.29274, 7.692],
			"to": [8.23438, 1.87086, 8.53731],
			"rotation": {"angle": 22.5, "axis": "x", "origin": [8, 1.97242, 7.73575]},
			"faces": {
				"north": {"uv": [12, 0.5, 14, 6.8125], "texture": "#2"},
				"east": {"uv": [12, 2.5, 15, 7.8125], "texture": "#2"},
				"south": {"uv": [11.5, 6, 15, 9.8125], "texture": "#2"},
				"west": {"uv": [14.5, 0, 13.5, 0], "texture": "#2"},
				"up": {"uv": [11, 6.5, 14, 10.075], "texture": "#2"},
				"down": {"uv": [15.5, 0, 16, 3.075], "texture": "#2"}
			}
		},
		{
			"from": [7.70313, 0.21461, 7.6295],
			"to": [8.29688, 0.29274, 8.59981],
			"rotation": {"angle": 22.5, "axis": "x", "origin": [8, 1.97242, 7.73575]},
			"faces": {
				"north": {"uv": [13.5, 0.5, 14, 1.3125], "texture": "#2"},
				"east": {"uv": [13, 4.5, 14.575, 5.8125], "texture": "#2"},
				"south": {"uv": [11.5, 6, 12.5, 7.3125], "texture": "#2"},
				"west": {"uv": [10.5, 0, 12.5, 4.3125], "texture": "#2"},
				"up": {"uv": [13, 6.5, 14, 8.075], "texture": "#2"},
				"down": {"uv": [14, 0, 16, 4.575], "texture": "#2"}
			}
		},
		{
			"from": [7.66563, 3.10782, 7.65],
			"to": [8.33438, 3.65782, 11.7],
			"rotation": {"angle": 0, "axis": "y", "origin": [0, 0.01563, 0]},
			"faces": {
				"north": {"uv": [0, 12.975, 0.6, 13.5], "texture": "#2"},
				"east": {"uv": [0, 14.975, 5.025, 16], "texture": "#2"},
				"south": {"uv": [0, 12.975, 2.6, 16], "texture": "#2"},
				"west": {"uv": [0, 14.975, 5.025, 16], "texture": "#2"},
				"up": {"uv": [0, 12.975, 0.6, 16], "texture": "#2"},
				"down": {"uv": [0, 12.975, 0.6, 16], "texture": "#2"}
			}
		},
		{
			"from": [7.67344, 3.11168, 7.33499],
			"to": [8.32657, 3.66168, 7.71312],
			"rotation": {"angle": 0, "axis": "x", "origin": [8.00001, 3.43356, 7.58655]},
			"faces": {
				"north": {"uv": [7.5, 12.475, 8.1, 13], "texture": "#2"},
				"east": {"uv": [7.5, 14.475, 10.025, 15.5], "texture": "#2"},
				"south": {"uv": [7.5, 12.475, 10.1, 15.5], "texture": "#2"},
				"west": {"uv": [7.5, 14.475, 10.025, 15.5], "texture": "#2"},
				"up": {"uv": [7.5, 12.475, 8.1, 15.5], "texture": "#2"},
				"down": {"uv": [7.5, 12.475, 8.1, 15.5], "texture": "#2"}
			}
		},
		{
			"from": [7.66563, 3.65469, 7.025],
			"to": [8.33438, 4.39219, 11.7],
			"rotation": {"angle": 0, "axis": "y", "origin": [0, 0.01563, 0]},
			"faces": {
				"north": {"uv": [11, 12, 11.6, 12.525], "texture": "#2"},
				"east": {"uv": [10.5, 11, 16, 16], "texture": "#2"},
				"south": {"uv": [12.5, 12.5, 13.1, 13.025], "texture": "#2"},
				"west": {"uv": [10.5, 11, 16, 16], "texture": "#2"},
				"up": {"uv": [13.5, 12.975, 14.1, 16], "texture": "#2"},
				"down": {"uv": [11, 12.975, 11.6, 16], "texture": "#2"}
			}
		},
		{
			"from": [7.60313, 3.65469, 9.025],
			"to": [8.39688, 4.45469, 11.7],
			"rotation": {"angle": 0, "axis": "y", "origin": [0, 0.01563, 0]},
			"faces": {
				"north": {"uv": [8.5, 14.475, 10.1, 16], "texture": "#2"},
				"east": {"uv": [5.5, 11, 10.025, 13.025], "texture": "#2"},
				"south": {"uv": [8.5, 14.5, 10.1, 16], "texture": "#2"},
				"west": {"uv": [5.5, 11, 10.025, 13.025], "texture": "#2"},
				"up": {"uv": [5.5, 11, 7.1, 15.025], "texture": "#2"},
				"down": {"uv": [5.5, 10.975, 7.1, 15], "texture": "#2"}
			}
		},
		{
			"from": [7.525, 4.55313, 6.19688],
			"to": [7.6625, 4.69688, 11.79375],
			"rotation": {"angle": 0, "axis": "y", "origin": [0, 0.01563, 0]},
			"faces": {
				"north": {"uv": [7, 3.5, 7.6, 4.025], "texture": "#2"},
				"east": {"uv": [7, 3.5, 10.025, 4.025], "texture": "#2"},
				"south": {"uv": [7, 3.5, 7.6, 4.025], "texture": "#2"},
				"west": {"uv": [7, 3.5, 10.025, 4.025], "texture": "#2"},
				"up": {"uv": [7, 3.5, 7.6, 6.525], "texture": "#2"},
				"down": {"uv": [7, 3.5, 7.6, 6.525], "texture": "#2"}
			}
		},
		{
			"from": [7.525, 4.49472, 11.73239],
			"to": [7.6625, 4.63847, 12.03239],
			"rotation": {"angle": 45, "axis": "x", "origin": [7.59375, 4.59785, 11.83551]},
			"faces": {
				"north": {"uv": [7, 3.5, 7.6, 4.025], "texture": "#2"},
				"east": {"uv": [7, 3.5, 10.025, 4.025], "texture": "#2"},
				"south": {"uv": [7, 3.5, 7.6, 4.025], "texture": "#2"},
				"west": {"uv": [7, 3.5, 10.025, 4.025], "texture": "#2"},
				"up": {"uv": [7, 3.5, 7.6, 6.525], "texture": "#2"},
				"down": {"uv": [7, 3.5, 7.6, 6.525], "texture": "#2"}
			}
		},
		{
			"from": [8.3375, 4.49472, 11.73239],
			"to": [8.475, 4.63847, 12.03239],
			"rotation": {"angle": 45, "axis": "x", "origin": [8.40625, 4.59785, 11.83551]},
			"faces": {
				"north": {"uv": [7.6, 3.5, 7, 4.025], "texture": "#2"},
				"east": {"uv": [10.025, 3.5, 7, 4.025], "texture": "#2"},
				"south": {"uv": [7.6, 3.5, 7, 4.025], "texture": "#2"},
				"west": {"uv": [10.025, 3.5, 7, 4.025], "texture": "#2"},
				"up": {"uv": [7.6, 3.5, 7, 6.525], "texture": "#2"},
				"down": {"uv": [7.6, 3.5, 7, 6.525], "texture": "#2"}
			}
		},
		{
			"from": [7.49375, 4.22408, 11.82117],
			"to": [7.69375, 4.49283, 12.01179],
			"rotation": {"angle": 0, "axis": "x", "origin": [7.59375, 4.53814, 11.89304]},
			"faces": {
				"north": {"uv": [7, 3.5, 7.6, 6.525], "rotation": 180, "texture": "#2"},
				"east": {"uv": [7, 3.5, 10.025, 4.025], "rotation": 270, "texture": "#2"},
				"south": {"uv": [7, 3.5, 7.6, 6.525], "texture": "#2"},
				"west": {"uv": [7, 3.5, 10.025, 4.025], "rotation": 90, "texture": "#2"},
				"up": {"uv": [7, 3.5, 7.6, 4.025], "rotation": 180, "texture": "#2"},
				"down": {"uv": [7, 3.5, 7.6, 4.025], "texture": "#2"}
			}
		},
		{
			"from": [7.5875, 4.00533, 11.82117],
			"to": [7.69375, 4.2272, 12.01179],
			"rotation": {"angle": 0, "axis": "x", "origin": [7.59375, 4.53814, 11.89304]},
			"faces": {
				"north": {"uv": [7, 3.5, 7.6, 6.525], "rotation": 180, "texture": "#2"},
				"east": {"uv": [7, 3.5, 10.025, 4.025], "rotation": 270, "texture": "#2"},
				"south": {"uv": [7, 3.5, 7.6, 6.525], "texture": "#2"},
				"west": {"uv": [7, 3.5, 10.025, 4.025], "rotation": 90, "texture": "#2"},
				"up": {"uv": [7, 3.5, 7.6, 4.025], "rotation": 180, "texture": "#2"},
				"down": {"uv": [7, 3.5, 7.6, 4.025], "texture": "#2"}
			}
		},
		{
			"from": [7.49375, 4.52188, 10.93125],
			"to": [7.69375, 4.72813, 11.55156],
			"rotation": {"angle": 0, "axis": "y", "origin": [0, 0.01563, 0]},
			"faces": {
				"north": {"uv": [7, 3.5, 7.6, 4.025], "texture": "#2"},
				"east": {"uv": [7, 3.5, 10.025, 4.025], "texture": "#2"},
				"south": {"uv": [7, 3.5, 7.6, 4.025], "texture": "#2"},
				"west": {"uv": [7, 3.5, 10.025, 4.025], "texture": "#2"},
				"up": {"uv": [7, 3.5, 7.6, 6.525], "texture": "#2"},
				"down": {"uv": [7, 3.5, 7.6, 6.525], "texture": "#2"}
			}
		},
		{
			"from": [7.525, 4.43105, 5.78689],
			"to": [7.6625, 4.5748, 6.25877],
			"rotation": {"angle": -45, "axis": "x", "origin": [8, 4.55761, 6.07752]},
			"faces": {
				"north": {"uv": [7, 3.5, 7.6, 4.025], "texture": "#2"},
				"east": {"uv": [7, 3.5, 10.025, 4.025], "texture": "#2"},
				"south": {"uv": [7, 3.5, 7.6, 4.025], "texture": "#2"},
				"west": {"uv": [7, 3.5, 10.025, 4.025], "texture": "#2"},
				"up": {"uv": [7, 3.5, 7.6, 6.525], "texture": "#2"},
				"down": {"uv": [7, 3.5, 7.6, 6.525], "texture": "#2"}
			}
		},
		{
			"from": [7.525, 3.12529, 5.85874],
			"to": [7.6625, 4.36279, 6.00249],
			"rotation": {"angle": 0, "axis": "x", "origin": [7.59375, 4.44717, 5.96968]},
			"faces": {
				"north": {"uv": [7, 3.5, 7.6, 6.525], "rotation": 180, "texture": "#2"},
				"east": {"uv": [7, 3.5, 10.025, 4.025], "rotation": 90, "texture": "#2"},
				"south": {"uv": [7, 3.5, 7.6, 6.525], "texture": "#2"},
				"west": {"uv": [7, 3.5, 10.025, 4.025], "rotation": 270, "texture": "#2"},
				"up": {"uv": [7, 3.5, 7.6, 4.025], "texture": "#2"},
				"down": {"uv": [7, 3.5, 7.6, 4.025], "rotation": 180, "texture": "#2"}
			}
		},
		{
			"from": [7.525, 3.12529, 5.20249],
			"to": [7.6625, 4.29248, 5.34624],
			"rotation": {"angle": 0, "axis": "x", "origin": [7.59375, 4.44717, 5.71968]},
			"faces": {
				"north": {"uv": [7, 3.5, 7.6, 6.525], "rotation": 180, "texture": "#2"},
				"east": {"uv": [7, 3.5, 10.025, 4.025], "rotation": 90, "texture": "#2"},
				"south": {"uv": [7, 3.5, 7.6, 6.525], "texture": "#2"},
				"west": {"uv": [7, 3.5, 10.025, 4.025], "rotation": 270, "texture": "#2"},
				"up": {"uv": [7, 3.5, 7.6, 4.025], "texture": "#2"},
				"down": {"uv": [7, 3.5, 7.6, 4.025], "rotation": 180, "texture": "#2"}
			}
		},
		{
			"from": [7.77445, 4.40224, 5.20249],
			"to": [8.22289, 4.53974, 5.34624],
			"rotation": {"angle": 0, "axis": "z", "origin": [7.74086, 4.46318, 5.27436]},
			"faces": {
				"north": {"uv": [7, 3.5, 7.6, 6.525], "rotation": 90, "texture": "#2"},
				"east": {"uv": [7, 3.5, 7.6, 4.025], "rotation": 90, "texture": "#2"},
				"south": {"uv": [7, 3.5, 7.6, 6.525], "rotation": 90, "texture": "#2"},
				"west": {"uv": [7, 3.5, 7.6, 4.025], "rotation": 270, "texture": "#2"},
				"up": {"uv": [7, 3.5, 10.025, 4.025], "texture": "#2"},
				"down": {"uv": [7, 3.5, 10.025, 4.025], "rotation": 180, "texture": "#2"}
			}
		},
		{
			"from": [7.525, 2.85967, 5.85874],
			"to": [7.6625, 3.15967, 6.00249],
			"rotation": {"angle": 22.5, "axis": "x", "origin": [7.59375, 3.15029, 5.93061]},
			"faces": {
				"north": {"uv": [7, 3.5, 7.6, 6.525], "rotation": 180, "texture": "#2"},
				"east": {"uv": [7, 3.5, 10.025, 4.025], "rotation": 90, "texture": "#2"},
				"south": {"uv": [7, 3.5, 7.6, 6.525], "texture": "#2"},
				"west": {"uv": [7, 3.5, 10.025, 4.025], "rotation": 270, "texture": "#2"},
				"up": {"uv": [7, 3.5, 7.6, 4.025], "texture": "#2"},
				"down": {"uv": [7, 3.5, 7.6, 4.025], "rotation": 180, "texture": "#2"}
			}
		},
		{
			"from": [7.525, 3.01592, 5.23374],
			"to": [7.6625, 3.31592, 5.37749],
			"rotation": {"angle": -22.5, "axis": "x", "origin": [7.59375, 3.15029, 5.68061]},
			"faces": {
				"north": {"uv": [7, 3.5, 7.6, 6.525], "rotation": 180, "texture": "#2"},
				"east": {"uv": [7, 3.5, 10.025, 4.025], "rotation": 90, "texture": "#2"},
				"south": {"uv": [7, 3.5, 7.6, 6.525], "texture": "#2"},
				"west": {"uv": [7, 3.5, 10.025, 4.025], "rotation": 270, "texture": "#2"},
				"up": {"uv": [7, 3.5, 7.6, 4.025], "texture": "#2"},
				"down": {"uv": [7, 3.5, 7.6, 4.025], "rotation": 180, "texture": "#2"}
			}
		},
		{
			"from": [7.525, 2.85475, 5.32055],
			"to": [7.6625, 2.9985, 5.88617],
			"rotation": {"angle": 0, "axis": "x", "origin": [7.59375, 3.02037, 5.8768]},
			"faces": {
				"north": {"uv": [7, 3.5, 7.6, 4.025], "texture": "#2"},
				"east": {"uv": [7, 3.5, 10.025, 4.025], "texture": "#2"},
				"south": {"uv": [7, 3.5, 7.6, 4.025], "texture": "#2"},
				"west": {"uv": [7, 3.5, 10.025, 4.025], "texture": "#2"},
				"up": {"uv": [7, 3.5, 7.6, 6.525], "texture": "#2"},
				"down": {"uv": [7, 3.5, 7.6, 6.525], "texture": "#2"}
			}
		},
		{
			"from": [8.30625, 4.00533, 11.82117],
			"to": [8.4125, 4.2272, 12.01179],
			"rotation": {"angle": 0, "axis": "x", "origin": [8.40625, 4.53814, 11.89304]},
			"faces": {
				"north": {"uv": [7.6, 3.5, 7, 6.525], "rotation": 180, "texture": "#2"},
				"east": {"uv": [7, 4.025, 10.025, 3.5], "rotation": 90, "texture": "#2"},
				"south": {"uv": [7.6, 3.5, 7, 6.525], "texture": "#2"},
				"west": {"uv": [7, 4.025, 10.025, 3.5], "rotation": 270, "texture": "#2"},
				"up": {"uv": [7.6, 3.5, 7, 4.025], "rotation": 180, "texture": "#2"},
				"down": {"uv": [7.6, 3.5, 7, 4.025], "texture": "#2"}
			}
		},
		{
			"from": [8.30625, 4.22408, 11.82117],
			"to": [8.50625, 4.49283, 12.01179],
			"rotation": {"angle": 0, "axis": "x", "origin": [8.40625, 4.53814, 11.89304]},
			"faces": {
				"north": {"uv": [7.6, 3.5, 7, 6.525], "rotation": 180, "texture": "#2"},
				"east": {"uv": [7, 4.025, 10.025, 3.5], "rotation": 90, "texture": "#2"},
				"south": {"uv": [7.6, 3.5, 7, 6.525], "texture": "#2"},
				"west": {"uv": [7, 4.025, 10.025, 3.5], "rotation": 270, "texture": "#2"},
				"up": {"uv": [7.6, 3.5, 7, 4.025], "rotation": 180, "texture": "#2"},
				"down": {"uv": [7.6, 3.5, 7, 4.025], "texture": "#2"}
			}
		},
		{
			"from": [8.3375, 4.55313, 6.19688],
			"to": [8.475, 4.69688, 11.79375],
			"rotation": {"angle": 0, "axis": "y", "origin": [16, 0.01563, 0]},
			"faces": {
				"north": {"uv": [7.6, 3.5, 7, 4.025], "texture": "#2"},
				"east": {"uv": [10.025, 3.5, 7, 4.025], "texture": "#2"},
				"south": {"uv": [7.6, 3.5, 7, 4.025], "texture": "#2"},
				"west": {"uv": [10.025, 3.5, 7, 4.025], "texture": "#2"},
				"up": {"uv": [7.6, 3.5, 7, 6.525], "texture": "#2"},
				"down": {"uv": [7.6, 3.5, 7, 6.525], "texture": "#2"}
			}
		},
		{
			"from": [8.30625, 4.52188, 10.93125],
			"to": [8.50625, 4.72813, 11.55156],
			"rotation": {"angle": 0, "axis": "y", "origin": [16, 0.01563, 0]},
			"faces": {
				"north": {"uv": [7.6, 3.5, 7, 4.025], "texture": "#2"},
				"east": {"uv": [10.025, 3.5, 7, 4.025], "texture": "#2"},
				"south": {"uv": [7.6, 3.5, 7, 4.025], "texture": "#2"},
				"west": {"uv": [10.025, 3.5, 7, 4.025], "texture": "#2"},
				"up": {"uv": [7.6, 3.5, 7, 6.525], "texture": "#2"},
				"down": {"uv": [7.6, 3.5, 7, 6.525], "texture": "#2"}
			}
		},
		{
			"from": [8.3375, 4.43105, 5.78689],
			"to": [8.475, 4.5748, 6.25877],
			"rotation": {"angle": -45, "axis": "x", "origin": [8, 4.55761, 6.07752]},
			"faces": {
				"north": {"uv": [7.6, 3.5, 7, 4.025], "texture": "#2"},
				"east": {"uv": [10.025, 3.5, 7, 4.025], "texture": "#2"},
				"south": {"uv": [7.6, 3.5, 7, 4.025], "texture": "#2"},
				"west": {"uv": [10.025, 3.5, 7, 4.025], "texture": "#2"},
				"up": {"uv": [7.6, 3.5, 7, 6.525], "texture": "#2"},
				"down": {"uv": [7.6, 3.5, 7, 6.525], "texture": "#2"}
			}
		},
		{
			"from": [8.3375, 3.12529, 5.85874],
			"to": [8.475, 4.36279, 6.00249],
			"rotation": {"angle": 0, "axis": "x", "origin": [8.40625, 4.44717, 5.96968]},
			"faces": {
				"north": {"uv": [7.6, 3.5, 7, 6.525], "rotation": 180, "texture": "#2"},
				"east": {"uv": [7, 4.025, 10.025, 3.5], "rotation": 270, "texture": "#2"},
				"south": {"uv": [7.6, 3.5, 7, 6.525], "texture": "#2"},
				"west": {"uv": [7, 4.025, 10.025, 3.5], "rotation": 90, "texture": "#2"},
				"up": {"uv": [7.6, 3.5, 7, 4.025], "texture": "#2"},
				"down": {"uv": [7.6, 3.5, 7, 4.025], "rotation": 180, "texture": "#2"}
			}
		},
		{
			"from": [8.3375, 2.85967, 5.85874],
			"to": [8.475, 3.15967, 6.00249],
			"rotation": {"angle": 22.5, "axis": "x", "origin": [8.40625, 3.15029, 5.93061]},
			"faces": {
				"north": {"uv": [7.6, 3.5, 7, 6.525], "rotation": 180, "texture": "#2"},
				"east": {"uv": [7, 4.025, 10.025, 3.5], "rotation": 270, "texture": "#2"},
				"south": {"uv": [7.6, 3.5, 7, 6.525], "texture": "#2"},
				"west": {"uv": [7, 4.025, 10.025, 3.5], "rotation": 90, "texture": "#2"},
				"up": {"uv": [7.6, 3.5, 7, 4.025], "texture": "#2"},
				"down": {"uv": [7.6, 3.5, 7, 4.025], "rotation": 180, "texture": "#2"}
			}
		},
		{
			"from": [8.3375, 2.85475, 5.32055],
			"to": [8.475, 2.9985, 5.88617],
			"rotation": {"angle": 0, "axis": "x", "origin": [8.40625, 3.02037, 5.8768]},
			"faces": {
				"north": {"uv": [7.6, 3.5, 7, 4.025], "texture": "#2"},
				"east": {"uv": [10.025, 3.5, 7, 4.025], "texture": "#2"},
				"south": {"uv": [7.6, 3.5, 7, 4.025], "texture": "#2"},
				"west": {"uv": [10.025, 3.5, 7, 4.025], "texture": "#2"},
				"up": {"uv": [7.6, 3.5, 7, 6.525], "texture": "#2"},
				"down": {"uv": [7.6, 3.5, 7, 6.525], "texture": "#2"}
			}
		},
		{
			"from": [8.3375, 3.01592, 5.23374],
			"to": [8.475, 3.31592, 5.37749],
			"rotation": {"angle": -22.5, "axis": "x", "origin": [8.40625, 3.15029, 5.68061]},
			"faces": {
				"north": {"uv": [7.6, 3.5, 7, 6.525], "rotation": 180, "texture": "#2"},
				"east": {"uv": [7, 4.025, 10.025, 3.5], "rotation": 270, "texture": "#2"},
				"south": {"uv": [7.6, 3.5, 7, 6.525], "texture": "#2"},
				"west": {"uv": [7, 4.025, 10.025, 3.5], "rotation": 90, "texture": "#2"},
				"up": {"uv": [7.6, 3.5, 7, 4.025], "texture": "#2"},
				"down": {"uv": [7.6, 3.5, 7, 4.025], "rotation": 180, "texture": "#2"}
			}
		},
		{
			"from": [8.3375, 3.12529, 5.20249],
			"to": [8.475, 4.29248, 5.34624],
			"rotation": {"angle": 0, "axis": "x", "origin": [8.40625, 4.44717, 5.71968]},
			"faces": {
				"north": {"uv": [7.6, 3.5, 7, 6.525], "rotation": 180, "texture": "#2"},
				"east": {"uv": [7, 4.025, 10.025, 3.5], "rotation": 270, "texture": "#2"},
				"south": {"uv": [7.6, 3.5, 7, 6.525], "texture": "#2"},
				"west": {"uv": [7, 4.025, 10.025, 3.5], "rotation": 90, "texture": "#2"},
				"up": {"uv": [7.6, 3.5, 7, 4.025], "texture": "#2"},
				"down": {"uv": [7.6, 3.5, 7, 4.025], "rotation": 180, "texture": "#2"}
			}
		},
		{
			"from": [8.18336, 4.35536, 5.20249],
			"to": [8.53024, 4.49286, 5.34624],
			"rotation": {"angle": -45, "axis": "z", "origin": [8.25914, 4.46318, 5.27436]},
			"faces": {
				"north": {"uv": [7.6, 3.5, 7, 6.525], "rotation": 270, "texture": "#2"},
				"east": {"uv": [7.6, 3.5, 7, 4.025], "rotation": 90, "texture": "#2"},
				"south": {"uv": [7.6, 3.5, 7, 6.525], "rotation": 270, "texture": "#2"},
				"west": {"uv": [7.6, 3.5, 7, 4.025], "rotation": 270, "texture": "#2"},
				"up": {"uv": [7, 4.025, 10.025, 3.5], "rotation": 180, "texture": "#2"},
				"down": {"uv": [7, 4.025, 10.025, 3.5], "texture": "#2"}
			}
		},
		{
			"from": [7.46976, 4.35536, 5.20249],
			"to": [7.81664, 4.49286, 5.34624],
			"rotation": {"angle": 45, "axis": "z", "origin": [7.74086, 4.46318, 5.27436]},
			"faces": {
				"north": {"uv": [7.6, 6.525, 7, 3.5], "rotation": 270, "texture": "#2"},
				"east": {"uv": [7.6, 4.025, 7, 3.5], "rotation": 270, "texture": "#2"},
				"south": {"uv": [7.6, 6.525, 7, 3.5], "rotation": 270, "texture": "#2"},
				"west": {"uv": [7.6, 4.025, 7, 3.5], "rotation": 90, "texture": "#2"},
				"up": {"uv": [10.025, 4.025, 7, 3.5], "rotation": 180, "texture": "#2"},
				"down": {"uv": [10.025, 4.025, 7, 3.5], "texture": "#2"}
			}
		},
		{
			"from": [7.60313, 4.01407, 6.8375],
			"to": [8.39688, 4.15782, 7.075],
			"rotation": {"angle": 0, "axis": "y", "origin": [0, 0.01563, 0]},
			"faces": {
				"north": {"uv": [8, 15.475, 8.6, 16], "texture": "#2"},
				"east": {"uv": [6, 13.5, 9.025, 14.025], "texture": "#2"},
				"south": {"uv": [7.5, 12.5, 8.1, 13.025], "texture": "#2"},
				"west": {"uv": [6, 12, 9.025, 12.525], "texture": "#2"},
				"up": {"uv": [9, 12, 9.6, 15.025], "texture": "#2"},
				"down": {"uv": [7, 12.975, 7.6, 16], "texture": "#2"}
			}
		},
		{
			"from": [7.5875, 4.06094, 6.9],
			"to": [8.4125, 4.11094, 6.95],
			"rotation": {"angle": 0, "axis": "y", "origin": [0, 0.01563, 0]},
			"faces": {
				"north": {"uv": [12, 14, 12.6, 14.525], "texture": "#2"},
				"east": {"uv": [12, 12, 15.025, 12.525], "texture": "#2"},
				"south": {"uv": [11, 12, 11.6, 12.525], "texture": "#2"},
				"west": {"uv": [12.975, 12.5, 16, 13.025], "texture": "#2"},
				"up": {"uv": [12.5, 12.975, 13.1, 16], "texture": "#2"},
				"down": {"uv": [13.5, 12.5, 14.1, 15.525], "texture": "#2"}
			}
		},
		{
			"from": [7.65, 3.43594, 7.275],
			"to": [8.35, 3.48594, 7.325],
			"rotation": {"angle": 0, "axis": "y", "origin": [0, 0.01563, -0.5]},
			"faces": {
				"north": {"uv": [1.5, 7.5, 2.1, 8.025], "texture": "#2"},
				"east": {"uv": [0.5, 8, 3.525, 8.525], "texture": "#2"},
				"south": {"uv": [4, 8, 4.6, 8.525], "texture": "#2"},
				"west": {"uv": [1.5, 6, 4.525, 6.525], "texture": "#2"},
				"up": {"uv": [3, 7.5, 3.6, 10.525], "texture": "#2"},
				"down": {"uv": [0.5, 7.975, 1.1, 11], "texture": "#2"}
			}
		},
		{
			"from": [7.65, 3.24844, 7.47031],
			"to": [8.35, 3.32969, 7.55156],
			"rotation": {"angle": 0, "axis": "y", "origin": [0, 0.01563, -0.5]},
			"faces": {
				"north": {"uv": [1.5, 7.5, 2.1, 8.025], "texture": "#2"},
				"east": {"uv": [0.5, 8, 3.525, 8.525], "texture": "#2"},
				"south": {"uv": [4, 8, 4.6, 8.525], "texture": "#2"},
				"west": {"uv": [1.5, 6, 4.525, 6.525], "texture": "#2"},
				"up": {"uv": [3, 7.5, 3.6, 10.525], "texture": "#2"},
				"down": {"uv": [0.5, 7.975, 1.1, 11], "texture": "#2"}
			}
		},
		{
			"from": [7.65, 3.18594, 10.24375],
			"to": [8.35, 3.28282, 10.34062],
			"rotation": {"angle": 0, "axis": "y", "origin": [0, 0.01563, 0]},
			"faces": {
				"north": {"uv": [7, 3.5, 7.6, 4.025], "texture": "#2"},
				"east": {"uv": [6, 4, 6.525, 4.525], "texture": "#2"},
				"south": {"uv": [9.5, 4, 10.1, 4.525], "texture": "#2"},
				"west": {"uv": [7, 2, 7.525, 2.525], "texture": "#2"},
				"up": {"uv": [8.5, 3.5, 9.1, 6.525], "texture": "#2"},
				"down": {"uv": [6, 3.975, 6.6, 7], "texture": "#2"}
			}
		},
		{
			"from": [7.65, 3.23282, 9.36875],
			"to": [8.35, 3.36094, 9.49687],
			"rotation": {"angle": 0, "axis": "y", "origin": [0, 0.01563, 0]},
			"faces": {
				"north": {"uv": [7, 3.5, 7.6, 4.025], "texture": "#2"},
				"east": {"uv": [6, 4, 6.525, 4.525], "texture": "#2"},
				"south": {"uv": [9.5, 4, 10.1, 4.525], "texture": "#2"},
				"west": {"uv": [7, 2, 7.525, 2.525], "texture": "#2"},
				"up": {"uv": [8.5, 3.5, 9.1, 6.525], "texture": "#2"},
				"down": {"uv": [6, 3.975, 6.6, 7], "texture": "#2"}
			}
		},
		{
			"from": [7.65, 3.43594, 7.4625],
			"to": [8.35, 3.48594, 7.5125],
			"rotation": {"angle": 0, "axis": "y", "origin": [0, 0.01563, -0.5]},
			"faces": {
				"north": {"uv": [1.5, 7.5, 2.1, 8.025], "texture": "#2"},
				"east": {"uv": [0.5, 8, 3.525, 8.525], "texture": "#2"},
				"south": {"uv": [4, 8, 4.6, 8.525], "texture": "#2"},
				"west": {"uv": [1.5, 6, 4.525, 6.525], "texture": "#2"},
				"up": {"uv": [3, 7.5, 3.6, 10.525], "texture": "#2"},
				"down": {"uv": [0.5, 7.975, 1.1, 11], "texture": "#2"}
			}
		},
		{
			"from": [7.60313, 3.65469, 6.8375],
			"to": [8.39688, 4.01719, 9.02812],
			"rotation": {"angle": 0, "axis": "y", "origin": [0, 0.01563, 0]},
			"faces": {
				"north": {"uv": [6, 13, 6.6, 13.525], "texture": "#2"},
				"east": {"uv": [7, 15, 10.025, 15.525], "texture": "#2"},
				"south": {"uv": [9.0625, 13.21875, 9.6625, 13.74375], "texture": "#2"},
				"west": {"uv": [7, 12, 10.025, 12.525], "texture": "#2"},
				"up": {"uv": [7, 12.5, 7.6, 15.525], "texture": "#2"},
				"down": {"uv": [8, 12, 8.6, 15.025], "texture": "#2"}
			}
		},
		{
			"from": [7.60313, 4.15469, 6.8375],
			"to": [8.39688, 4.45469, 9.02812],
			"rotation": {"angle": 0, "axis": "y", "origin": [0, 0.01563, 0]},
			"faces": {
				"north": {"uv": [9.5, 15, 10.1, 15.525], "texture": "#2"},
				"east": {"uv": [5.5, 11, 10.025, 12.525], "texture": "#2"},
				"south": {"uv": [8, 15, 8.6, 15.525], "texture": "#2"},
				"west": {"uv": [5.5, 11, 10.025, 12.5], "texture": "#2"},
				"up": {"uv": [5.5, 11, 10.1, 12.525], "texture": "#2"},
				"down": {"uv": [5.5, 11, 10.1, 12.525], "texture": "#2"}
			}
		},
		{
			"from": [7.74375, 4.45157, 6.86875],
			"to": [8.25625, 4.50938, 7.25469],
			"rotation": {"angle": 0, "axis": "y", "origin": [0, 0.01563, 0]},
			"faces": {
				"north": {"uv": [7, 3.5, 7.6, 4.025], "texture": "#2"},
				"east": {"uv": [7, 3.5, 10.025, 4.025], "texture": "#2"},
				"south": {"uv": [7, 3.5, 7.6, 4.025], "texture": "#2"},
				"west": {"uv": [7, 3.5, 10.025, 4.025], "texture": "#2"},
				"up": {"uv": [7, 3.5, 7.6, 6.525], "texture": "#2"},
				"down": {"uv": [7, 3.5, 7.6, 6.525], "texture": "#2"}
			}
		},
		{
			"from": [7.74375, 4.40558, 7.06109],
			"to": [7.79531, 4.50246, 7.25953],
			"rotation": {"angle": 45, "axis": "x", "origin": [8, 4.51261, 7.26578]},
			"faces": {
				"north": {"uv": [7, 3.5, 7.6, 4.025], "texture": "#2"},
				"east": {"uv": [7, 3.5, 10.025, 4.025], "texture": "#2"},
				"south": {"uv": [7, 3.5, 7.6, 4.025], "texture": "#2"},
				"west": {"uv": [7, 3.5, 10.025, 4.025], "texture": "#2"},
				"up": {"uv": [7, 3.5, 7.6, 6.525], "texture": "#2"},
				"down": {"uv": [7, 3.5, 7.6, 6.525], "texture": "#2"}
			}
		},
		{
			"from": [8.20469, 4.40558, 7.06109],
			"to": [8.25625, 4.50246, 7.25953],
			"rotation": {"angle": 45, "axis": "x", "origin": [8, 4.51261, 7.26578]},
			"faces": {
				"north": {"uv": [7, 3.5, 7.6, 4.025], "texture": "#2"},
				"east": {"uv": [7, 3.5, 10.025, 4.025], "texture": "#2"},
				"south": {"uv": [7, 3.5, 7.6, 4.025], "texture": "#2"},
				"west": {"uv": [7, 3.5, 10.025, 4.025], "texture": "#2"},
				"up": {"uv": [7, 3.5, 7.6, 6.525], "texture": "#2"},
				"down": {"uv": [7, 3.5, 7.6, 6.525], "texture": "#2"}
			}
		},
		{
			"from": [8.20469, 4.50404, 6.87293],
			"to": [8.25625, 4.64779, 7.11824],
			"rotation": {"angle": 0, "axis": "x", "origin": [8, 4.54076, 7.21824]},
			"faces": {
				"north": {"uv": [7, 3.5, 7.6, 4.025], "texture": "#2"},
				"east": {"uv": [7, 3.5, 10.025, 4.025], "texture": "#2"},
				"south": {"uv": [7, 3.5, 7.6, 4.025], "texture": "#2"},
				"west": {"uv": [7, 3.5, 10.025, 4.025], "texture": "#2"},
				"up": {"uv": [7, 3.5, 7.6, 6.525], "texture": "#2"},
				"down": {"uv": [7, 3.5, 7.6, 6.525], "texture": "#2"}
			}
		},
		{
			"from": [7.74375, 4.50404, 6.87293],
			"to": [7.79531, 4.64779, 7.11824],
			"rotation": {"angle": 0, "axis": "x", "origin": [8, 4.54076, 7.21824]},
			"faces": {
				"north": {"uv": [7, 3.5, 7.6, 4.025], "texture": "#2"},
				"east": {"uv": [7, 3.5, 10.025, 4.025], "texture": "#2"},
				"south": {"uv": [7, 3.5, 7.6, 4.025], "texture": "#2"},
				"west": {"uv": [7, 3.5, 10.025, 4.025], "texture": "#2"},
				"up": {"uv": [7, 3.5, 7.6, 6.525], "texture": "#2"},
				"down": {"uv": [7, 3.5, 7.6, 6.525], "texture": "#2"}
			}
		},
		{
			"from": [7.79844, 4.65248, 6.87293],
			"to": [7.85, 4.74154, 7.11824],
			"rotation": {"angle": -45, "axis": "z", "origin": [7.76953, 4.71654, 6.99559]},
			"faces": {
				"north": {"uv": [7, 3.5, 7.6, 4.025], "texture": "#2"},
				"east": {"uv": [7, 3.5, 10.025, 4.025], "texture": "#2"},
				"south": {"uv": [7, 3.5, 7.6, 4.025], "texture": "#2"},
				"west": {"uv": [7, 3.5, 10.025, 4.025], "texture": "#2"},
				"up": {"uv": [7, 3.5, 7.6, 6.525], "texture": "#2"},
				"down": {"uv": [7, 3.5, 7.6, 6.525], "texture": "#2"}
			}
		},
		{
			"from": [7.79205, 4.65859, 6.87293],
			"to": [7.84361, 4.74765, 7.11824],
			"rotation": {"angle": 22.5, "axis": "z", "origin": [7.79439, 4.66406, 6.99559]},
			"faces": {
				"north": {"uv": [7, 3.5, 7.6, 4.025], "texture": "#2"},
				"east": {"uv": [7, 3.5, 10.025, 4.025], "texture": "#2"},
				"south": {"uv": [7, 3.5, 7.6, 4.025], "texture": "#2"},
				"west": {"uv": [7, 3.5, 10.025, 4.025], "texture": "#2"},
				"up": {"uv": [7, 3.5, 7.6, 6.525], "texture": "#2"},
				"down": {"uv": [7, 3.5, 7.6, 6.525], "texture": "#2"}
			}
		},
		{
			"from": [7.70188, 4.70677, 6.87293],
			"to": [7.79094, 4.75834, 7.11824],
			"rotation": {"angle": -22.5, "axis": "z", "origin": [7.8011, 4.70912, 6.99559]},
			"faces": {
				"north": {"uv": [7, 3.5, 7.6, 4.025], "rotation": 90, "texture": "#2"},
				"east": {"uv": [7, 3.5, 7.6, 6.525], "rotation": 270, "texture": "#2"},
				"south": {"uv": [7, 3.5, 7.6, 4.025], "rotation": 270, "texture": "#2"},
				"west": {"uv": [7, 3.5, 7.6, 6.525], "rotation": 270, "texture": "#2"},
				"up": {"uv": [7, 3.5, 10.025, 4.025], "rotation": 270, "texture": "#2"},
				"down": {"uv": [7, 3.5, 10.025, 4.025], "rotation": 270, "texture": "#2"}
			}
		},
		{
			"from": [7.66032, 4.74935, 6.87293],
			"to": [7.74938, 4.80092, 7.11824],
			"rotation": {"angle": 22.5, "axis": "z", "origin": [7.75954, 4.7517, 6.99559]},
			"faces": {
				"north": {"uv": [7, 3.5, 7.6, 4.025], "rotation": 90, "texture": "#2"},
				"east": {"uv": [7, 3.5, 7.6, 6.525], "rotation": 270, "texture": "#2"},
				"south": {"uv": [7, 3.5, 7.6, 4.025], "rotation": 270, "texture": "#2"},
				"west": {"uv": [7, 3.5, 7.6, 6.525], "rotation": 270, "texture": "#2"},
				"up": {"uv": [7, 3.5, 10.025, 4.025], "rotation": 270, "texture": "#2"},
				"down": {"uv": [7, 3.5, 10.025, 4.025], "rotation": 270, "texture": "#2"}
			}
		},
		{
			"from": [8.25062, 4.74935, 6.87293],
			"to": [8.33968, 4.80092, 7.11824],
			"rotation": {"angle": -22.5, "axis": "z", "origin": [8.24046, 4.7517, 6.99559]},
			"faces": {
				"north": {"uv": [7, 4.025, 7.6, 3.5], "rotation": 90, "texture": "#2"},
				"east": {"uv": [7, 6.525, 7.6, 3.5], "rotation": 270, "texture": "#2"},
				"south": {"uv": [7, 4.025, 7.6, 3.5], "rotation": 270, "texture": "#2"},
				"west": {"uv": [7, 6.525, 7.6, 3.5], "rotation": 270, "texture": "#2"},
				"up": {"uv": [7, 4.025, 10.025, 3.5], "rotation": 270, "texture": "#2"},
				"down": {"uv": [7, 4.025, 10.025, 3.5], "rotation": 270, "texture": "#2"}
			}
		},
		{
			"from": [8.15, 4.65248, 6.87293],
			"to": [8.20156, 4.74154, 7.11824],
			"rotation": {"angle": 45, "axis": "z", "origin": [8.23047, 4.71654, 6.99559]},
			"faces": {
				"north": {"uv": [7.6, 3.5, 7, 4.025], "texture": "#2"},
				"east": {"uv": [10.025, 3.5, 7, 4.025], "texture": "#2"},
				"south": {"uv": [7.6, 3.5, 7, 4.025], "texture": "#2"},
				"west": {"uv": [10.025, 3.5, 7, 4.025], "texture": "#2"},
				"up": {"uv": [7.6, 3.5, 7, 6.525], "texture": "#2"},
				"down": {"uv": [7.6, 3.5, 7, 6.525], "texture": "#2"}
			}
		},
		{
			"from": [8.15639, 4.65859, 6.87293],
			"to": [8.20795, 4.74765, 7.11824],
			"rotation": {"angle": -22.5, "axis": "z", "origin": [8.20561, 4.66406, 6.99559]},
			"faces": {
				"north": {"uv": [7.6, 3.5, 7, 4.025], "texture": "#2"},
				"east": {"uv": [10.025, 3.5, 7, 4.025], "texture": "#2"},
				"south": {"uv": [7.6, 3.5, 7, 4.025], "texture": "#2"},
				"west": {"uv": [10.025, 3.5, 7, 4.025], "texture": "#2"},
				"up": {"uv": [7.6, 3.5, 7, 6.525], "texture": "#2"},
				"down": {"uv": [7.6, 3.5, 7, 6.525], "texture": "#2"}
			}
		},
		{
			"from": [8.20906, 4.70677, 6.87293],
			"to": [8.29812, 4.75834, 7.11824],
			"rotation": {"angle": 22.5, "axis": "z", "origin": [8.1989, 4.70912, 6.99559]},
			"faces": {
				"north": {"uv": [7, 4.025, 7.6, 3.5], "rotation": 90, "texture": "#2"},
				"east": {"uv": [7, 6.525, 7.6, 3.5], "rotation": 270, "texture": "#2"},
				"south": {"uv": [7, 4.025, 7.6, 3.5], "rotation": 270, "texture": "#2"},
				"west": {"uv": [7, 6.525, 7.6, 3.5], "rotation": 270, "texture": "#2"},
				"up": {"uv": [7, 4.025, 10.025, 3.5], "rotation": 270, "texture": "#2"},
				"down": {"uv": [7, 4.025, 10.025, 3.5], "rotation": 270, "texture": "#2"}
			}
		},
		{
			"from": [7.70938, 4.45157, 10.4],
			"to": [7.77188, 4.70469, 10.78594],
			"rotation": {"angle": 0, "axis": "y", "origin": [0, 0.01563, 0]},
			"faces": {
				"north": {"uv": [7, 3, 7.6, 3.525], "texture": "#2"},
				"east": {"uv": [7, 3, 10.025, 3.525], "texture": "#2"},
				"south": {"uv": [7, 3, 7.6, 3.525], "texture": "#2"},
				"west": {"uv": [7, 3, 10.025, 3.525], "texture": "#2"},
				"up": {"uv": [7, 3, 7.6, 6.025], "texture": "#2"},
				"down": {"uv": [7, 3, 7.6, 6.025], "texture": "#2"}
			}
		},
		{
			"from": [7.75938, 4.45157, 10.4],
			"to": [8.30313, 4.48594, 10.78594],
			"rotation": {"angle": 0, "axis": "y", "origin": [0, 0.01563, 0]},
			"faces": {
				"north": {"uv": [7, 3, 7.6, 3.525], "texture": "#2"},
				"east": {"uv": [7, 3, 10.025, 3.525], "texture": "#2"},
				"south": {"uv": [7, 3, 7.6, 3.525], "texture": "#2"},
				"west": {"uv": [7, 3, 10.025, 3.525], "texture": "#2"},
				"up": {"uv": [7, 3, 7.6, 6.025], "texture": "#2"},
				"down": {"uv": [7, 3, 7.6, 6.025], "texture": "#2"}
			}
		},
		{
			"from": [7.76719, 4.45157, 10.54844],
			"to": [7.95938, 4.67344, 10.64531],
			"rotation": {"angle": 0, "axis": "y", "origin": [0, 0.01563, 0]},
			"faces": {
				"north": {"uv": [7, 3, 7.6, 3.525], "texture": "#2"},
				"east": {"uv": [7, 3, 10.025, 3.525], "texture": "#2"},
				"south": {"uv": [7, 3, 7.6, 3.525], "texture": "#2"},
				"west": {"uv": [7, 3, 10.025, 3.525], "texture": "#2"},
				"up": {"uv": [7, 3, 7.6, 6.025], "texture": "#2"},
				"down": {"uv": [7, 3, 7.6, 6.025], "texture": "#2"}
			}
		},
		{
			"from": [7.93125, 4.45157, 10.55625],
			"to": [8.10781, 4.62657, 10.6375],
			"rotation": {"angle": 0, "axis": "y", "origin": [0, 0.01563, 0]},
			"faces": {
				"north": {"uv": [7, 3, 7.6, 3.525], "texture": "#2"},
				"east": {"uv": [7, 3, 10.025, 3.525], "texture": "#2"},
				"south": {"uv": [7, 3, 7.6, 3.525], "texture": "#2"},
				"west": {"uv": [7, 3, 10.025, 3.525], "texture": "#2"},
				"up": {"uv": [7, 3, 7.6, 6.025], "texture": "#2"},
				"down": {"uv": [7, 3, 7.6, 6.025], "texture": "#2"}
			}
		},
		{
			"from": [7.9625, 4.45157, 6.9625],
			"to": [8.06094, 4.61094, 7.04375],
			"rotation": {"angle": 0, "axis": "y", "origin": [0, 0.01563, 0]},
			"faces": {
				"north": {"uv": [7, 3.5, 7.6, 4.025], "texture": "#2"},
				"east": {"uv": [7, 3.5, 10.025, 4.025], "texture": "#2"},
				"south": {"uv": [7, 3.5, 7.6, 4.025], "texture": "#2"},
				"west": {"uv": [7, 3.5, 10.025, 4.025], "texture": "#2"},
				"up": {"uv": [7, 3.5, 7.6, 6.525], "texture": "#2"},
				"down": {"uv": [7, 3.5, 7.6, 6.525], "texture": "#2"}
			}
		},
		{
			"from": [7.98594, 4.60782, 6.98594],
			"to": [8.0375, 4.72813, 7.02031],
			"rotation": {"angle": 0, "axis": "y", "origin": [0, 0.01563, 0]},
			"faces": {
				"north": {"uv": [7, 3.5, 7.6, 4.025], "texture": "#2"},
				"east": {"uv": [7, 3.5, 10.025, 4.025], "texture": "#2"},
				"south": {"uv": [7, 3.5, 7.6, 4.025], "texture": "#2"},
				"west": {"uv": [7, 3.5, 10.025, 4.025], "texture": "#2"},
				"up": {"uv": [7, 3.5, 7.6, 6.525], "texture": "#2"},
				"down": {"uv": [7, 3.5, 7.6, 6.525], "texture": "#2"}
			}
		},
		{
			"from": [8.07969, 4.45157, 10.54844],
			"to": [8.27188, 4.67344, 10.64531],
			"rotation": {"angle": 0, "axis": "y", "origin": [0, 0.01563, 0]},
			"faces": {
				"north": {"uv": [7, 3, 7.6, 3.525], "texture": "#2"},
				"east": {"uv": [7, 3, 10.025, 3.525], "texture": "#2"},
				"south": {"uv": [7, 3, 7.6, 3.525], "texture": "#2"},
				"west": {"uv": [7, 3, 10.025, 3.525], "texture": "#2"},
				"up": {"uv": [7, 3, 7.6, 6.025], "texture": "#2"},
				"down": {"uv": [7, 3, 7.6, 6.025], "texture": "#2"}
			}
		},
		{
			"from": [8.27188, 4.45157, 10.4],
			"to": [8.33438, 4.70469, 10.78594],
			"rotation": {"angle": 0, "axis": "y", "origin": [0, 0.01563, 0]},
			"faces": {
				"north": {"uv": [7, 3, 7.6, 3.525], "texture": "#2"},
				"east": {"uv": [7, 3, 10.025, 3.525], "texture": "#2"},
				"south": {"uv": [7, 3, 7.6, 3.525], "texture": "#2"},
				"west": {"uv": [7, 3, 10.025, 3.525], "texture": "#2"},
				"up": {"uv": [7, 3, 7.6, 6.025], "texture": "#2"},
				"down": {"uv": [7, 3, 7.6, 6.025], "texture": "#2"}
			}
		},
		{
			"from": [7.54063, 3.65469, 11.53281],
			"to": [8.45938, 4.51719, 11.77031],
			"rotation": {"angle": 0, "axis": "y", "origin": [0, 0.01563, 0]},
			"faces": {
				"north": {"uv": [6.5, 12, 7.1, 12.525], "texture": "#2"},
				"east": {"uv": [6.5, 12, 9.525, 12.525], "texture": "#2"},
				"south": {"uv": [6.5, 12, 7.1, 12.525], "texture": "#2"},
				"west": {"uv": [6.5, 12, 9.525, 12.525], "texture": "#2"},
				"up": {"uv": [6.5, 12, 7.1, 15.025], "texture": "#2"},
				"down": {"uv": [6.5, 12, 7.1, 15.025], "texture": "#2"}
			}
		},
		{
			"from": [7.57969, 3.96719, 11.59531],
			"to": [8.42031, 4.22813, 11.79375],
			"rotation": {"angle": 0, "axis": "y", "origin": [0, 0.01563, 0]},
			"faces": {
				"north": {"uv": [2, 3, 2.6, 3.525], "texture": "#2"},
				"east": {"uv": [2, 3, 5.025, 3.525], "texture": "#2"},
				"south": {"uv": [2, 3, 2.6, 3.525], "texture": "#2"},
				"west": {"uv": [2, 3, 5.025, 3.525], "texture": "#2"},
				"up": {"uv": [2, 3, 2.6, 6.025], "texture": "#2"},
				"down": {"uv": [2, 3, 2.6, 6.025], "texture": "#2"}
			}
		},
		{
			"from": [7.54844, 4.02188, 11.8375],
			"to": [8.45156, 4.18126, 11.98125],
			"rotation": {"angle": 0, "axis": "y", "origin": [0, 0.01563, 0]},
			"faces": {
				"north": {"uv": [6.5, 1.5, 7.6, 2.525], "texture": "#2"},
				"east": {"uv": [7, 1.5, 9.525, 2.525], "texture": "#2"},
				"south": {"uv": [6.5, 1.5, 7.6, 2.525], "texture": "#2"},
				"west": {"uv": [7, 1.5, 9.525, 2.525], "texture": "#2"},
				"up": {"uv": [6.5, 1.5, 7.6, 5.025], "texture": "#2"},
				"down": {"uv": [6.5, 1.5, 7.6, 5.025], "texture": "#2"}
			}
		},
		{
			"from": [7.54063, 3.96719, 11.76719],
			"to": [7.58438, 4.22813, 12.02031],
			"rotation": {"angle": 0, "axis": "y", "origin": [0, 0.01563, 0]},
			"faces": {
				"north": {"uv": [6.5, 1.5, 7.6, 2.525], "texture": "#2"},
				"east": {"uv": [7, 1.5, 9.525, 2.525], "texture": "#2"},
				"south": {"uv": [6.5, 1.5, 7.6, 2.525], "texture": "#2"},
				"west": {"uv": [7, 1.5, 9.525, 2.525], "texture": "#2"},
				"up": {"uv": [6.5, 1.5, 7.6, 5.025], "texture": "#2"},
				"down": {"uv": [6.5, 1.5, 7.6, 5.025], "texture": "#2"}
			}
		},
		{
			"from": [8.41563, 3.96719, 11.76719],
			"to": [8.45938, 4.22813, 12.02031],
			"rotation": {"angle": 0, "axis": "y", "origin": [0, 0.01563, 0]},
			"faces": {
				"north": {"uv": [6.5, 1.5, 7.6, 2.525], "texture": "#2"},
				"east": {"uv": [7, 1.5, 9.525, 2.525], "texture": "#2"},
				"south": {"uv": [6.5, 1.5, 7.6, 2.525], "texture": "#2"},
				"west": {"uv": [7, 1.5, 9.525, 2.525], "texture": "#2"},
				"up": {"uv": [6.5, 1.5, 7.6, 5.025], "texture": "#2"},
				"down": {"uv": [6.5, 1.5, 7.6, 5.025], "texture": "#2"}
			}
		},
		{
			"from": [7.54063, 3.76407, 10.78281],
			"to": [8.45938, 4.51719, 10.95781],
			"rotation": {"angle": 0, "axis": "y", "origin": [0, 0.01563, 0]},
			"faces": {
				"north": {"uv": [0.5, 11.475, 2.6, 13.5], "texture": "#2"},
				"east": {"uv": [0.5, 11.475, 5.025, 16], "texture": "#2"},
				"south": {"uv": [0.5, 11.475, 2.6, 13.5], "texture": "#2"},
				"west": {"uv": [0.5, 11.475, 5.025, 16], "texture": "#2"},
				"up": {"uv": [0.5, 11.475, 5.1, 16], "texture": "#2"},
				"down": {"uv": [0.5, 11.475, 2.6, 16], "texture": "#2"}
			}
		},
		{
			"from": [7.54063, 3.76407, 10.22031],
			"to": [8.45938, 4.51719, 10.39531],
			"rotation": {"angle": 0, "axis": "y", "origin": [0, 0.01563, 0]},
			"faces": {
				"north": {"uv": [0.5, 11.475, 2.6, 13.5], "texture": "#2"},
				"east": {"uv": [0.5, 11.475, 5.025, 16], "texture": "#2"},
				"south": {"uv": [0.5, 11.475, 2.6, 13.5], "texture": "#2"},
				"west": {"uv": [0.5, 11.475, 5.025, 16], "texture": "#2"},
				"up": {"uv": [0.5, 11.475, 5.1, 16], "texture": "#2"},
				"down": {"uv": [0.5, 11.475, 2.6, 16], "texture": "#2"}
			}
		},
		{
			"from": [7.54063, 3.67032, 10.17344],
			"to": [8.45938, 3.76719, 11.53594],
			"rotation": {"angle": 0, "axis": "y", "origin": [0, 0.01563, 0]},
			"faces": {
				"north": {"uv": [5.5, 11.475, 7.6, 13.5], "texture": "#2"},
				"east": {"uv": [5.5, 11.475, 10.025, 13.5], "texture": "#2"},
				"south": {"uv": [5.5, 11.475, 7.6, 13.5], "texture": "#2"},
				"west": {"uv": [5.5, 11.475, 10.025, 13.5], "texture": "#2"},
				"up": {"uv": [5.5, 11.475, 7.6, 16], "texture": "#2"},
				"down": {"uv": [5.5, 11.475, 7.6, 16], "texture": "#2"}
			}
		},
		{
			"from": [7.66563, 3.46719, 6.35313],
			"to": [8.33438, 4.32969, 7.02812],
			"rotation": {"angle": 0, "axis": "y", "origin": [0, 0.01563, 0]},
			"faces": {
				"north": {"uv": [7.5, 14, 8.1, 14.525], "texture": "#2"},
				"east": {"uv": [5.5, 11, 8.525, 13.025], "texture": "#2"},
				"south": {"uv": [9, 12, 9.6, 12.525], "texture": "#2"},
				"west": {"uv": [5.5, 11, 8.525, 13.025], "texture": "#2"},
				"up": {"uv": [7.5, 10.975, 5.6, 14.5], "texture": "#2"},
				"down": {"uv": [5.5, 10.975, 7.6, 14.5], "texture": "#2"}
			}
		},
		{
			"from": [7.86094, 3.85, 4.88438],
			"to": [8.13906, 4.14219, 5.93437],
			"rotation": {"angle": 0, "axis": "y", "origin": [0, 0.01563, -0.25]},
			"faces": {
				"north": {"uv": [12.5, 12.975, 13.1, 13.5], "texture": "#2"},
				"east": {"uv": [12.5, 12.975, 15.525, 14], "texture": "#2"},
				"south": {"uv": [12.5, 12.975, 13.1, 13.5], "texture": "#2"},
				"west": {"uv": [12.5, 12.975, 15.525, 14], "texture": "#2"},
				"up": {"uv": [12.5, 12.975, 13.6, 16], "texture": "#2"},
				"down": {"uv": [12.5, 12.975, 13.6, 16], "texture": "#2"}
			}
		},
		{
			"from": [7.79063, 3.65469, 5.93125],
			"to": [8.20938, 4.26719, 6.35625],
			"rotation": {"angle": 0, "axis": "y", "origin": [0, 0.01563, -0.25]},
			"faces": {
				"north": {"uv": [8, 11.5, 10.1, 13.525], "texture": "#2"},
				"east": {"uv": [5.5, 11, 8.525, 13.025], "texture": "#2"},
				"south": {"uv": [7, 12, 7.6, 12.525], "texture": "#2"},
				"west": {"uv": [5.5, 11, 8.525, 13], "texture": "#2"},
				"up": {"uv": [6.5, 12.975, 8.6, 16], "texture": "#2"},
				"down": {"uv": [6.5, 12.975, 8.6, 16], "texture": "#2"}
			}
		},
		{
			"from": [7.79063, 4.15469, 6.30625],
			"to": [8.20938, 4.22032, 6.48125],
			"rotation": {"angle": -22.5, "axis": "x", "origin": [8, 3.96094, 6.13594]},
			"faces": {
				"north": {"uv": [10, 12.5, 10.6, 13.025], "texture": "#2"},
				"east": {"uv": [6, 12.5, 9.025, 14.025], "texture": "#2"},
				"south": {"uv": [6, 14.5, 6.6, 15.025], "texture": "#2"},
				"west": {"uv": [6, 11.5, 9.025, 13.525], "texture": "#2"},
				"up": {"uv": [8.5, 12.975, 10.1, 16], "texture": "#2"},
				"down": {"uv": [7, 12.975, 8.6, 16], "texture": "#2"}
			}
		},
		{
			"from": [7.79063, 3.62374, 6.20052],
			"to": [8.20938, 3.68937, 6.37552],
			"rotation": {"angle": 22.5, "axis": "x", "origin": [8, 3.64093, 6.28021]},
			"faces": {
				"north": {"uv": [8.5, 13.5, 10.1, 15.025], "texture": "#2"},
				"east": {"uv": [7.5, 12, 10.525, 14.025], "texture": "#2"},
				"south": {"uv": [8.5, 13.5, 10.1, 15.025], "texture": "#2"},
				"west": {"uv": [7.5, 12, 10.525, 14.025], "texture": "#2"},
				"up": {"uv": [6, 11, 8.1, 14.025], "texture": "#2"},
				"down": {"uv": [6, 11, 8.1, 14.025], "texture": "#2"}
			}
		},
		{
			"from": [7.67344, 3.26736, 6.49715],
			"to": [8.32656, 3.7783, 7.48465],
			"rotation": {"angle": 22.5, "axis": "x", "origin": [8, 3.52283, 6.9909]},
			"faces": {
				"north": {"uv": [8.5, 12.5, 9.1, 13.025], "texture": "#2"},
				"east": {"uv": [7, 14, 10.025, 14.525], "texture": "#2"},
				"south": {"uv": [5.5, 13, 6.1, 13.525], "texture": "#2"},
				"west": {"uv": [6.5, 12, 9.525, 12.525], "texture": "#2"},
				"up": {"uv": [9.5, 11.5, 10.1, 14.525], "texture": "#2"},
				"down": {"uv": [7.5, 12, 8.1, 15.025], "texture": "#2"}
			}
		},
		{
			"from": [7.66563, 2.18594, 10.3375],
			"to": [8.33438, 3.11094, 11.7],
			"rotation": {"angle": 0, "axis": "y", "origin": [0, 0.02344, 0]},
			"faces": {
				"north": {"uv": [3.5, 1.5, 4.1, 2.025], "texture": "#2"},
				"east": {"uv": [2, 1, 5.025, 1.525], "texture": "#2"},
				"south": {"uv": [2, 1.5, 2.6, 2.025], "texture": "#2"},
				"west": {"uv": [0.5, 0, 3.525, 0.525], "texture": "#2"},
				"up": {"uv": [0, 0, 0.6, 3.025], "texture": "#2"},
				"down": {"uv": [1, 1, 1.6, 4.025], "texture": "#2"}
			}
		},
		{
			"from": [7.54531, 3.39688, 10.68125],
			"to": [7.54531, 3.61094, 10.89531],
			"rotation": {"angle": -22.5, "axis": "x", "origin": [7.52344, 2.86719, 10.64375]},
			"faces": {
				"north": {"uv": [10.975, 3, 13.575, 4.525], "texture": "#2"},
				"east": {"uv": [10.975, 3, 16, 4.525], "texture": "#2"},
				"south": {"uv": [10.975, 3, 13.575, 4.525], "texture": "#2"},
				"west": {"uv": [10.975, 3, 16, 5.025], "texture": "#2"},
				"up": {"uv": [10.975, 3, 13.575, 7.025], "texture": "#2"},
				"down": {"uv": [10.975, 3, 13.575, 7.025], "texture": "#2"}
			}
		},
		{
			"from": [7.54531, 3.14688, 10.72813],
			"to": [7.54531, 3.43126, 10.84844],
			"rotation": {"angle": -22.5, "axis": "x", "origin": [7.52344, 2.86719, 10.64375]},
			"faces": {
				"north": {"uv": [10.975, 3, 13.575, 4.525], "texture": "#2"},
				"east": {"uv": [10.975, 3, 16, 4.525], "texture": "#2"},
				"south": {"uv": [10.975, 3, 13.575, 4.525], "texture": "#2"},
				"west": {"uv": [10.975, 3, 16, 5.025], "texture": "#2"},
				"up": {"uv": [10.975, 3, 13.575, 7.025], "texture": "#2"},
				"down": {"uv": [10.975, 3, 13.575, 7.025], "texture": "#2"}
			}
		},
		{
			"from": [7.66563, 2.93594, 11.69688],
			"to": [8.33438, 3.11094, 12.00469],
			"rotation": {"angle": 0, "axis": "y", "origin": [0, -0.22656, -0.00781]},
			"faces": {
				"north": {"uv": [3.5, 1.5, 4.1, 2.025], "texture": "#2"},
				"east": {"uv": [2, 1, 5.025, 1.525], "texture": "#2"},
				"south": {"uv": [2, 1.5, 2.6, 2.025], "texture": "#2"},
				"west": {"uv": [0.5, 0, 3.525, 0.525], "texture": "#2"},
				"up": {"uv": [0, 12.975, 3.6, 16], "texture": "#2"},
				"down": {"uv": [1, 1, 1.6, 4.025], "texture": "#2"}
			}
		},
		{
			"from": [7.66563, 2.88126, 11.65],
			"to": [8.33438, 3.00157, 11.98125],
			"rotation": {"angle": -22.5, "axis": "x", "origin": [8, 2.96094, 11.85078]},
			"faces": {
				"north": {"uv": [3.5, 1.5, 4.1, 2.025], "texture": "#2"},
				"east": {"uv": [2, 1, 5.025, 1.525], "texture": "#2"},
				"south": {"uv": [2, 1.5, 2.6, 2.025], "texture": "#2"},
				"west": {"uv": [0.5, 0, 3.525, 0.525], "texture": "#2"},
				"up": {"uv": [0, 0, 0.6, 3.025], "texture": "#2"},
				"down": {"uv": [1, 1, 1.6, 4.025], "texture": "#2"}
			}
		},
		{
			"from": [8.30313, 3.05592, 11.704],
			"to": [8.32656, 3.2153, 11.99619],
			"rotation": {"angle": 45, "axis": "x", "origin": [8.29688, 3.15905, 11.89697]},
			"faces": {
				"north": {"uv": [0, 12.975, 0.6, 13.5], "texture": "#2"},
				"east": {"uv": [0, 15.475, 3.025, 16], "texture": "#2"},
				"south": {"uv": [0, 12.975, 0.6, 13.5], "texture": "#2"},
				"west": {"uv": [0, 15.475, 3.025, 16], "texture": "#2"},
				"up": {"uv": [0, 12.975, 0.6, 16], "texture": "#2"},
				"down": {"uv": [0, 12.975, 0.6, 16], "texture": "#2"}
			}
		},
		{
			"from": [8.30313, 3.09772, 11.58907],
			"to": [8.32656, 4.06959, 11.80313],
			"rotation": {"angle": 0, "axis": "x", "origin": [7.73438, 3.3024, 11.6961]},
			"faces": {
				"north": {"uv": [0, 12.975, 0.6, 16], "rotation": 180, "texture": "#2"},
				"east": {"uv": [0, 15.475, 3.025, 16], "rotation": 270, "texture": "#2"},
				"south": {"uv": [0, 12.975, 0.6, 16], "texture": "#2"},
				"west": {"uv": [0, 15.475, 3.025, 16], "rotation": 90, "texture": "#2"},
				"up": {"uv": [0, 12.975, 0.6, 13.5], "rotation": 180, "texture": "#2"},
				"down": {"uv": [0, 12.975, 0.6, 13.5], "texture": "#2"}
			}
		},
		{
			"from": [8.30313, 3.09772, 11.7922],
			"to": [8.32656, 3.13209, 12.00626],
			"rotation": {"angle": 0, "axis": "x", "origin": [7.73438, 3.3024, 11.6961]},
			"faces": {
				"north": {"uv": [0, 11.475, 0.6, 14.5], "rotation": 180, "texture": "#2"},
				"east": {"uv": [0, 15.475, 3.025, 16], "rotation": 270, "texture": "#2"},
				"south": {"uv": [2, 12.975, 2.6, 16], "texture": "#2"},
				"west": {"uv": [0, 15.475, 3.025, 16], "rotation": 90, "texture": "#2"},
				"up": {"uv": [3.5, 11.975, 4.1, 12.5], "rotation": 180, "texture": "#2"},
				"down": {"uv": [2.5, 13.475, 3.1, 14], "texture": "#2"}
			}
		},
		{
			"from": [7.67031, 3.09772, 11.7922],
			"to": [7.69375, 3.13209, 12.00626],
			"rotation": {"angle": 0, "axis": "x", "origin": [7.05469, 3.3024, 11.6961]},
			"faces": {
				"north": {"uv": [2, 12.975, 2.6, 16], "rotation": 180, "texture": "#2"},
				"east": {"uv": [1, 11.475, 4.025, 12], "rotation": 270, "texture": "#2"},
				"south": {"uv": [3, 12.475, 3.6, 15.5], "texture": "#2"},
				"west": {"uv": [2, 13.475, 5.025, 14], "rotation": 90, "texture": "#2"},
				"up": {"uv": [4.5, 11.975, 5.1, 12.5], "rotation": 180, "texture": "#2"},
				"down": {"uv": [0, 12.975, 0.6, 13.5], "texture": "#2"}
			}
		},
		{
			"from": [7.67031, 3.09772, 11.58907],
			"to": [7.69375, 4.06959, 11.80313],
			"rotation": {"angle": 0, "axis": "x", "origin": [7.05469, 3.3024, 11.6961]},
			"faces": {
				"north": {"uv": [0, 12.975, 0.6, 16], "rotation": 180, "texture": "#2"},
				"east": {"uv": [0, 15.475, 3.025, 16], "rotation": 270, "texture": "#2"},
				"south": {"uv": [0, 12.975, 0.6, 16], "texture": "#2"},
				"west": {"uv": [0, 15.475, 3.025, 16], "rotation": 90, "texture": "#2"},
				"up": {"uv": [0, 12.975, 0.6, 13.5], "rotation": 180, "texture": "#2"},
				"down": {"uv": [0, 12.975, 0.6, 13.5], "texture": "#2"}
			}
		},
		{
			"from": [7.67031, 3.05592, 11.704],
			"to": [7.69375, 3.2153, 11.99619],
			"rotation": {"angle": 45, "axis": "x", "origin": [7.61719, 3.15905, 11.89697]},
			"faces": {
				"north": {"uv": [0, 12.975, 0.6, 13.5], "texture": "#2"},
				"east": {"uv": [0, 15.475, 3.025, 16], "texture": "#2"},
				"south": {"uv": [0, 12.975, 0.6, 13.5], "texture": "#2"},
				"west": {"uv": [0, 15.475, 3.025, 16], "texture": "#2"},
				"up": {"uv": [0, 12.975, 0.6, 16], "texture": "#2"},
				"down": {"uv": [0, 12.975, 0.6, 16], "texture": "#2"}
			}
		},
		{
			"from": [7.66563, 0.38906, 10.8375],
			"to": [8.33438, 2.18906, 11.95],
			"rotation": {"angle": 0, "axis": "y", "origin": [0, 0.02344, 0]},
			"faces": {
				"north": {"uv": [3.5, 1.5, 4.1, 2.025], "texture": "#2"},
				"east": {"uv": [2, 1, 5.025, 1.525], "texture": "#2"},
				"south": {"uv": [2, 1.5, 2.6, 2.025], "texture": "#2"},
				"west": {"uv": [0.5, 0, 3.525, 0.525], "texture": "#2"},
				"up": {"uv": [0, 0, 0.6, 3.025], "texture": "#2"},
				"down": {"uv": [1, 1, 1.6, 4.025], "texture": "#2"}
			}
		},
		{
			"from": [7.66563, 2.07048, 10.35576],
			"to": [8.33438, 2.33923, 11.02294],
			"rotation": {"angle": 45, "axis": "x", "origin": [8, 2.1697, 10.62685]},
			"faces": {
				"north": {"uv": [3.5, 1.5, 4.1, 4.525], "rotation": 180, "texture": "#2"},
				"east": {"uv": [2, 1, 5.025, 1.525], "rotation": 90, "texture": "#2"},
				"south": {"uv": [2, 1.5, 2.6, 4.525], "texture": "#2"},
				"west": {"uv": [0.5, 0, 3.525, 0.525], "rotation": 270, "texture": "#2"},
				"up": {"uv": [0, 0, 0.6, 0.525], "texture": "#2"},
				"down": {"uv": [1, 1, 1.6, 1.525], "rotation": 180, "texture": "#2"}
			}
		},
		{
			"from": [7.66563, 2.93766, 11.1917],
			"to": [8.33438, 3.12048, 11.54638],
			"rotation": {"angle": 45, "axis": "x", "origin": [8, 2.1697, 10.62685]},
			"faces": {
				"north": {"uv": [3.5, 1.5, 4.1, 4.525], "rotation": 180, "texture": "#2"},
				"east": {"uv": [2, 1, 5.025, 1.525], "rotation": 90, "texture": "#2"},
				"south": {"uv": [2, 1.5, 2.6, 4.525], "texture": "#2"},
				"west": {"uv": [0.5, 0, 3.525, 0.525], "rotation": 270, "texture": "#2"},
				"up": {"uv": [0, 0, 0.6, 0.525], "texture": "#2"},
				"down": {"uv": [1, 1, 1.6, 1.525], "rotation": 180, "texture": "#2"}
			}
		},
		{
			"from": [7.87813, 2.09074, 8.97542],
			"to": [8.13438, 2.22043, 9.28011],
			"rotation": {"angle": 22.5, "axis": "x", "origin": [8.1, 1.86261, 9.38948]},
			"faces": {
				"north": {"uv": [7, 4.5, 8.8, 6.1], "texture": "#2"},
				"east": {"uv": [10, 1.5, 9.25, 6.1], "texture": "#2"},
				"south": {"uv": [8, 10, 6.8, 9.1], "texture": "#2"},
				"west": {"uv": [7.5, 6.5, 7.75, 7.1], "texture": "#2"},
				"up": {"uv": [9, 9.5, 9.8, 7.75], "texture": "#2"},
				"down": {"uv": [10.5, 3.4125, 8.8, 0.1625], "texture": "#2"}
			}
		},
		{
			"from": [7.87813, 2.95074, 9.11074],
			"to": [8.13438, 3.05699, 9.41543],
			"rotation": {"angle": -22.5, "axis": "x", "origin": [8.1, 2.99215, 9.25918]},
			"faces": {
				"north": {"uv": [7, 4.5, 8.8, 6.1], "texture": "#2"},
				"east": {"uv": [10, 1.5, 9.25, 6.1], "texture": "#2"},
				"south": {"uv": [4, 13, 3.3, 10.1], "texture": "#2"},
				"west": {"uv": [7.5, 6.5, 7.75, 7.1], "texture": "#2"},
				"up": {"uv": [3, 10, 3.3, 10.25], "texture": "#2"},
				"down": {"uv": [10.5, 3.4125, 8.8, 0.1625], "texture": "#2"}
			}
		},
		{
			"from": [7.87813, 2.11975, 9.37586],
			"to": [8.13438, 2.25725, 10.33836],
			"rotation": {"angle": 0, "axis": "y", "origin": [8.1, 2.48224, 9.49826]},
			"faces": {
				"north": {"uv": [7, 4.5, 8.8, 6.1], "texture": "#2"},
				"east": {"uv": [8, 1.5, 6.7, 3.6], "texture": "#2"},
				"south": {"uv": [8, 6, 9.8, 7.1], "texture": "#2"},
				"west": {"uv": [7, 6.5, 8.2, 8.6], "texture": "#2"},
				"up": {"uv": [6.5, 1.5, 7.8, 3.7], "rotation": 180, "texture": "#2"},
				"down": {"uv": [10, 10.4125, 8.3, 7.6125], "rotation": 180, "texture": "#2"}
			}
		},
		{
			"from": [7.87813, 2.99475, 9.37586],
			"to": [8.13438, 3.10881, 10.22899],
			"rotation": {"angle": 0, "axis": "y", "origin": [8.1, 2.48224, 9.49826]},
			"faces": {
				"north": {"uv": [7, 4.5, 8.8, 6.1], "texture": "#2"},
				"east": {"uv": [10, 1.5, 9.7, 6.1], "texture": "#2"},
				"south": {"uv": [7.5, 5, 9.3, 6.1], "texture": "#2"},
				"west": {"uv": [7.5, 6.5, 8.2, 7.1], "texture": "#2"},
				"up": {"uv": [6.5, 2, 9.3, 6.7], "rotation": 180, "texture": "#2"},
				"down": {"uv": [10.5, 3.4125, 8.8, 0.6125], "rotation": 180, "texture": "#2"}
			}
		},
		{
			"from": [7.87813, 2.25725, 10.22586],
			"to": [8.13438, 3.11037, 10.33836],
			"rotation": {"angle": 0, "axis": "y", "origin": [8.1, 2.48224, 9.49826]},
			"faces": {
				"north": {"uv": [7, 4.5, 8.8, 6.45], "texture": "#2"},
				"east": {"uv": [10, 1.5, 9.0875, 6.45], "texture": "#2"},
				"south": {"uv": [7.5, 5, 9.3, 6.45], "texture": "#2"},
				"west": {"uv": [7.5, 6.5, 7.5875, 7.45], "texture": "#2"},
				"up": {"uv": [7, 4.5, 9.3, 6.0875], "rotation": 180, "texture": "#2"},
				"down": {"uv": [10.5, 3.4125, 8.8, 0], "rotation": 180, "texture": "#2"}
			}
		},
		{
			"from": [7.87813, 2.23381, 9.09305],
			"to": [8.13438, 2.99318, 9.19774],
			"rotation": {"angle": 0, "axis": "y", "origin": [8.1, 2.48224, 9.56076]},
			"faces": {
				"north": {"uv": [7, 4.5, 8.8, 6.45], "texture": "#2"},
				"east": {"uv": [10, 1.5, 9.0875, 6.45], "texture": "#2"},
				"south": {"uv": [7.5, 5, 9.3, 6.45], "texture": "#2"},
				"west": {"uv": [7.5, 6.5, 7.5875, 7.45], "texture": "#2"},
				"up": {"uv": [6.5, 2, 9.3, 6.0875], "rotation": 180, "texture": "#2"},
				"down": {"uv": [10.5, 3.4125, 8.8, 0], "rotation": 180, "texture": "#2"}
			}
		},
		{
			"from": [7.97813, 2.45724, 9.77743],
			"to": [8.03438, 3.001, 9.90086],
			"rotation": {"angle": 0, "axis": "y", "origin": [8.1, 2.48224, 9.49826]},
			"faces": {
				"north": {"uv": [9, 5.5, 10.6125, 7.35], "texture": "#2"},
				"east": {"uv": [6, 10, 7.6125, 7.85], "texture": "#2"},
				"south": {"uv": [6, 14, 5.1125, 11.35], "texture": "#2"},
				"west": {"uv": [9.5, 7.5, 9.6125, 8.35], "texture": "#2"},
				"up": {"uv": [5, 11, 5.1125, 11.35], "rotation": 180, "texture": "#2"},
				"down": {"uv": [7, 9.9125, 5.6125, 6.7625], "rotation": 180, "texture": "#2"}
			}
		}
	],
	"display": {
		"thirdperson_righthand": {
			"translation": [-0.25, 4.75, -2.25],
			"scale": [0, 0, 0]
		},
		"thirdperson_lefthand": {
			"translation": [-0.25, 4.75, -2.25],
			"scale": [0, 0, 0]
		},
		"firstperson_righthand": {
			"rotation": [0, 0, 13],
			"translation": [-3.5, 6.75, 1.5]
		},
		"firstperson_lefthand": {
			"rotation": [0, 0, 13],
			"translation": [-3.5, 6.75, 1.5]
		},
		"ground": {
			"rotation": [0, 0, 90],
			"translation": [-5.75, -1.25, 0]
		},
		"gui": {
			"rotation": [-146.55, 41.25, 174.37],
			"translation": [-1.5, 7.75, 0],
			"scale": [2, 2, 2]
		},
		"fixed": {
			"rotation": [0, -90, 0],
			"translation": [1.5, 10, 0],
			"scale": [2, 2, 2]
		}
	},
	"groups": [
		{
			"name": "1",
			"origin": [8, 7.925, 9.65],
			"color": 0,
			"children": [0]
		},
		{
			"name": "2",
			"origin": [8.2, 11.17211, 8.55807],
			"color": 0,
			"children": [1, 2, 3]
		},
		4,
		5,
		6,
		7,
		8,
		9,
		10,
		11,
		12,
		13,
		14,
		15,
		16,
		17,
		18,
		19,
		20,
		21,
		22,
		23,
		24,
		25,
		26,
		27,
		28,
		29,
		30,
		31,
		32,
		33,
		34,
		35,
		36,
		37,
		38,
		39,
		40,
		41,
		42,
		43,
		44,
		45,
		46,
		47,
		48,
		49,
		50,
		51,
		52,
		53,
		54,
		55,
		56,
		57,
		58,
		59,
		60,
		61,
		62,
		63,
		64,
		65,
		66,
		67,
		68,
		69,
		70,
		71,
		72,
		73,
		74,
		75,
		76,
		77,
		78,
		79,
		80,
		81,
		82,
		83,
		84,
		85,
		86,
		87,
		88,
		89,
		90,
		91,
		92,
		93,
		94,
		95,
		96,
		97
	]
}