{
	"credit": "By NZ in Blockbench",
	"texture_size": [32, 32],
	"textures": {
		"0": "modularwarfare:items/guns/prototype.fnx45",
		"particle": "modularwarfare:items/guns/prototype.fnx45"
	},
	"elements": [
		{
			"from": [6.7, 11.75, -1.75],
			"to": [9.3, 12, 10],
			"rotation": {"angle": 0, "axis": "y", "origin": [14.5, 18.75, 21]},
			"faces": {
				"north": {"uv": [1, 11, 2.3, 11.125], "texture": "#0"},
				"east": {"uv": [1, 11, 6.875, 11.125], "texture": "#0"},
				"south": {"uv": [1, 11, 2.3, 11.125], "texture": "#0"},
				"west": {"uv": [1, 11, 6.875, 11.125], "texture": "#0"},
				"up": {"uv": [2, 10, 3.3, 15.875], "texture": "#0"},
				"down": {"uv": [1, 10, 2.3, 15.875], "texture": "#0"}
			}
		},
		{
			"from": [6.75, 11, -2],
			"to": [9.25, 13.25, 14],
			"rotation": {"angle": 0, "axis": "y", "origin": [14.5, 19, 21]},
			"faces": {
				"north": {"uv": [0, 0, 1.25, 1.125], "texture": "#0"},
				"east": {"uv": [0, 0, 8, 1.125], "texture": "#0"},
				"south": {"uv": [0, 0, 1.25, 1.125], "texture": "#0"},
				"west": {"uv": [0, 0, 8, 1.125], "texture": "#0"},
				"up": {"uv": [0, 0, 8, 1.25], "rotation": 90, "texture": "#0"},
				"down": {"uv": [0, 0, 8, 1.25], "rotation": 90, "texture": "#0"}
			}
		},
		{
			"from": [7.75, 13.25, -1.75],
			"to": [8.25, 13.75, -0.75],
			"rotation": {"angle": 0, "axis": "y", "origin": [14.5, 20.75, 20.75]},
			"faces": {
				"north": {"uv": [10, 3, 10.25, 3.25], "texture": "#0"},
				"east": {"uv": [10, 3, 10.25, 3.25], "texture": "#0"},
				"south": {"uv": [1, 10, 1.25, 10.25], "texture": "#0"},
				"west": {"uv": [10, 3, 10.25, 3.25], "texture": "#0"},
				"up": {"uv": [10, 3, 10.25, 3.25], "texture": "#0"},
				"down": {"uv": [10, 3, 10.25, 3.25], "texture": "#0"}
			}
		},
		{
			"from": [6.6, 11.5, 9.5],
			"to": [9.45, 12.75, 13.5],
			"rotation": {"angle": 0, "axis": "y", "origin": [14.5, 19.5, 20.5]},
			"faces": {
				"north": {"uv": [3, 10, 4.425, 10.625], "texture": "#0"},
				"east": {"uv": [3, 10, 5, 10.625], "texture": "#0"},
				"south": {"uv": [3, 10, 4.425, 10.625], "texture": "#0"},
				"west": {"uv": [3, 10, 5, 10.625], "texture": "#0"},
				"up": {"uv": [3, 10, 4.425, 12], "texture": "#0"},
				"down": {"uv": [3, 10, 4.425, 12], "texture": "#0"}
			}
		},
		{
			"from": [6.775, 12.99109, 10.26673],
			"to": [9.225, 15.49109, 11.26673],
			"rotation": {"angle": -22.5, "axis": "x", "origin": [14.5, 21.24109, 18.26673]},
			"faces": {
				"north": {"uv": [0, 0, 1.25, 1.25], "texture": "#0"},
				"east": {"uv": [0, 0, 0.5, 1.25], "texture": "#0"},
				"south": {"uv": [0, 0, 1.25, 1.25], "texture": "#0"},
				"west": {"uv": [0, 0, 0.5, 1.25], "texture": "#0"},
				"up": {"uv": [0, 0, 1.25, 0.5], "texture": "#0"},
				"down": {"uv": [0, 0, 1.25, 0.5], "texture": "#0"}
			}
		},
		{
			"from": [8.25, 13.5, 12.25],
			"to": [8.7, 13.75, 13],
			"rotation": {"angle": 0, "axis": "y", "origin": [15, 21, 34.75]},
			"faces": {
				"north": {"uv": [10, 3, 10.225, 3.125], "texture": "#0"},
				"east": {"uv": [10, 3, 10.225, 3.125], "texture": "#0"},
				"south": {"uv": [1, 10, 1.225, 10.125], "texture": "#0"},
				"west": {"uv": [10, 3, 10.225, 3.125], "texture": "#0"},
				"up": {"uv": [10, 3, 10.225, 3.125], "texture": "#0"},
				"down": {"uv": [10, 3, 10.225, 3.125], "texture": "#0"}
			}
		},
		{
			"from": [7.25, 13.5, 12.25],
			"to": [7.7, 13.75, 13],
			"rotation": {"angle": 0, "axis": "y", "origin": [14, 21, 34.75]},
			"faces": {
				"north": {"uv": [10, 3, 10.225, 3.125], "texture": "#0"},
				"east": {"uv": [10, 3, 10.225, 3.125], "texture": "#0"},
				"south": {"uv": [2, 10, 2.225, 10.125], "texture": "#0"},
				"west": {"uv": [10, 3, 10.225, 3.125], "texture": "#0"},
				"up": {"uv": [10, 3, 10.225, 3.125], "texture": "#0"},
				"down": {"uv": [10, 3, 10.225, 3.125], "texture": "#0"}
			}
		},
		{
			"from": [7.1, 13.25, 12.25],
			"to": [8.85, 13.5, 13.25],
			"rotation": {"angle": 0, "axis": "y", "origin": [14, 20.75, 34.75]},
			"faces": {
				"north": {"uv": [10, 3, 10.875, 3.125], "texture": "#0"},
				"east": {"uv": [10, 3, 10.875, 3.125], "texture": "#0"},
				"south": {"uv": [10, 3, 10.875, 3.125], "texture": "#0"},
				"west": {"uv": [10, 3, 10.875, 3.125], "texture": "#0"},
				"up": {"uv": [10, 3, 10.875, 3.125], "texture": "#0"},
				"down": {"uv": [10, 3, 10.875, 3.125], "texture": "#0"}
			}
		},
		{
			"from": [7.25, 6.5, 10.5],
			"to": [8.75, 9.25, 13],
			"rotation": {"angle": 0, "axis": "y", "origin": [14.5, 14.5, 21]},
			"faces": {
				"north": {"uv": [2, 10, 2.75, 11.375], "texture": "#0"},
				"east": {"uv": [2, 10, 3.25, 11.375], "texture": "#0"},
				"south": {"uv": [2, 10, 2.75, 11.375], "texture": "#0"},
				"west": {"uv": [2, 10, 3.25, 11.375], "texture": "#0"},
				"up": {"uv": [1, 3, 1.75, 4.25], "texture": "#0"},
				"down": {"uv": [2, 10, 2.75, 11.25], "texture": "#0"}
			}
		},
		{
			"from": [7.25, 3.75, 11],
			"to": [8.75, 6.5, 13.5],
			"rotation": {"angle": 0, "axis": "y", "origin": [14.5, 11.75, 21.5]},
			"faces": {
				"north": {"uv": [2, 10, 2.75, 11.375], "texture": "#0"},
				"east": {"uv": [2, 10, 3.25, 11.375], "texture": "#0"},
				"south": {"uv": [2, 10, 2.75, 11.375], "texture": "#0"},
				"west": {"uv": [2, 10, 3.25, 11.375], "texture": "#0"},
				"up": {"uv": [2, 10, 2.75, 11.25], "texture": "#0"},
				"down": {"uv": [2, 10, 2.75, 11.25], "texture": "#0"}
			}
		},
		{
			"from": [7.25, 1, 11.5],
			"to": [8.75, 3.75, 14],
			"rotation": {"angle": 0, "axis": "y", "origin": [14.5, 9, 22]},
			"faces": {
				"north": {"uv": [2, 10, 2.75, 11.375], "texture": "#0"},
				"east": {"uv": [2, 10, 3.25, 11.375], "texture": "#0"},
				"south": {"uv": [2, 10, 2.75, 11.375], "texture": "#0"},
				"west": {"uv": [2, 10, 3.25, 11.375], "texture": "#0"},
				"up": {"uv": [2, 10, 2.75, 11.25], "texture": "#0"},
				"down": {"uv": [2, 10, 2.75, 11.25], "texture": "#0"}
			}
		},
		{
			"from": [7, 0.5, 10.25],
			"to": [9, 1, 14.25],
			"rotation": {"angle": 0, "axis": "y", "origin": [14.5, 8, 21.5]},
			"faces": {
				"north": {"uv": [2, 10, 3, 10.25], "texture": "#0"},
				"east": {"uv": [2, 10, 4, 10.25], "texture": "#0"},
				"south": {"uv": [2, 10, 3, 10.25], "texture": "#0"},
				"west": {"uv": [2, 10, 4, 10.25], "texture": "#0"},
				"up": {"uv": [2, 10, 3, 12], "texture": "#0"},
				"down": {"uv": [2, 10, 3, 12], "texture": "#0"}
			}
		},
		{
			"from": [6.75, 1, 10.5],
			"to": [9.25, 3.75, 15],
			"rotation": {"angle": 0, "axis": "y", "origin": [14.5, 9, 22]},
			"faces": {
				"north": {"uv": [10, 3, 11.25, 4.375], "texture": "#0"},
				"east": {"uv": [10, 3, 12.25, 4.375], "texture": "#0"},
				"south": {"uv": [10, 3, 11.25, 4.375], "texture": "#0"},
				"west": {"uv": [10, 3, 12.25, 4.375], "texture": "#0"},
				"up": {"uv": [10, 3, 11.25, 5.25], "texture": "#0"},
				"down": {"uv": [10, 3, 11.25, 5.25], "texture": "#0"}
			}
		},
		{
			"from": [6.5, 1.25, 11],
			"to": [9.5, 3.75, 14],
			"rotation": {"angle": 0, "axis": "y", "origin": [14.25, 9, 22]},
			"faces": {
				"north": {"uv": [3, 5, 4.5, 6.25], "texture": "#0"},
				"east": {"uv": [3, 5, 4.5, 6.25], "texture": "#0"},
				"south": {"uv": [3, 5, 4.5, 6.25], "texture": "#0"},
				"west": {"uv": [3, 5, 4.5, 6.25], "texture": "#0"},
				"up": {"uv": [3, 5, 4.5, 6.5], "texture": "#0"},
				"down": {"uv": [3, 5, 4.5, 6.5], "texture": "#0"}
			}
		},
		{
			"from": [6.5, 6.5, 10.5],
			"to": [9.5, 9, 13.5],
			"rotation": {"angle": 0, "axis": "y", "origin": [14.25, 14.5, 21.5]},
			"faces": {
				"north": {"uv": [4, 2, 5.5, 3.25], "texture": "#0"},
				"east": {"uv": [4, 2, 5.5, 3.25], "texture": "#0"},
				"south": {"uv": [4, 2, 5.5, 3.25], "texture": "#0"},
				"west": {"uv": [3, 2, 4.5, 3.25], "texture": "#0"},
				"up": {"uv": [4, 2, 5.5, 3.5], "texture": "#0"},
				"down": {"uv": [4, 2, 5.5, 3.5], "texture": "#0"}
			}
		},
		{
			"from": [6.5, 3.75, 10.75],
			"to": [9.5, 6.5, 13.75],
			"rotation": {"angle": 0, "axis": "y", "origin": [14.25, 11.75, 21.75]},
			"faces": {
				"north": {"uv": [5, 3, 6.5, 4.375], "texture": "#0"},
				"east": {"uv": [5, 3, 6.5, 4.375], "texture": "#0"},
				"south": {"uv": [5, 3, 6.5, 4.375], "texture": "#0"},
				"west": {"uv": [4, 3, 5.5, 4.375], "texture": "#0"},
				"up": {"uv": [5, 3, 6.5, 4.5], "texture": "#0"},
				"down": {"uv": [5, 3, 6.5, 4.375], "texture": "#0"}
			}
		},
		{
			"from": [6.75, 3.75, 10],
			"to": [9.25, 6.5, 14.5],
			"rotation": {"angle": 0, "axis": "y", "origin": [14.5, 11.75, 21.5]},
			"faces": {
				"north": {"uv": [10, 3, 11.25, 4.375], "texture": "#0"},
				"east": {"uv": [10, 3, 12.25, 4.375], "texture": "#0"},
				"south": {"uv": [10, 3, 11.25, 4.375], "texture": "#0"},
				"west": {"uv": [10, 3, 12.25, 4.375], "texture": "#0"},
				"up": {"uv": [10, 3, 11.25, 5.25], "texture": "#0"},
				"down": {"uv": [10, 3, 11.25, 5.25], "texture": "#0"}
			}
		},
		{
			"from": [7.35, 7, 6.5],
			"to": [8.6, 7.5, 9.5],
			"rotation": {"angle": 0, "axis": "y", "origin": [13.85, 14.5, 16.5]},
			"faces": {
				"north": {"uv": [2, 3, 2.625, 3.25], "texture": "#0"},
				"east": {"uv": [2, 3, 3.5, 3.25], "texture": "#0"},
				"south": {"uv": [2, 3, 2.625, 3.25], "texture": "#0"},
				"west": {"uv": [2, 3, 3.5, 3.25], "texture": "#0"},
				"up": {"uv": [2, 3, 2.625, 4.5], "texture": "#0"},
				"down": {"uv": [2, 3, 2.625, 4.5], "texture": "#0"}
			}
		},
		{
			"from": [7.35, 3.75031, 7.83728],
			"to": [8.6, 4.25031, 8.83728],
			"rotation": {"angle": 22.5, "axis": "x", "origin": [13.85, 11.25031, 15.83728]},
			"faces": {
				"north": {"uv": [2, 3, 2.625, 3.25], "texture": "#0"},
				"east": {"uv": [2, 3, 2.5, 3.25], "texture": "#0"},
				"south": {"uv": [2, 3, 2.625, 3.25], "texture": "#0"},
				"west": {"uv": [2, 3, 2.5, 3.25], "texture": "#0"},
				"up": {"uv": [2, 3, 2.625, 3.5], "texture": "#0"},
				"down": {"uv": [2, 3, 2.625, 3.5], "texture": "#0"}
			}
		},
		{
			"from": [7.35, 7.38268, 5.57612],
			"to": [8.6, 9.38268, 6.07612],
			"rotation": {"angle": 0, "axis": "y", "origin": [13.85, 0.38268, 13.07612]},
			"faces": {
				"north": {"uv": [2, 3, 3, 3.625], "rotation": 90, "texture": "#0"},
				"east": {"uv": [2, 3, 3, 3.25], "rotation": 90, "texture": "#0"},
				"south": {"uv": [2, 3, 3, 3.625], "rotation": 90, "texture": "#0"},
				"west": {"uv": [2, 3, 3, 3.25], "rotation": 90, "texture": "#0"},
				"up": {"uv": [2, 3, 2.25, 3.625], "rotation": 90, "texture": "#0"},
				"down": {"uv": [2, 3, 2.25, 3.625], "rotation": 90, "texture": "#0"}
			}
		},
		{
			"from": [7.6, 7.88268, 8.32612],
			"to": [8.35, 9.38268, 8.82612],
			"rotation": {"angle": 0, "axis": "y", "origin": [13.85, 0.38268, 15.82612]},
			"faces": {
				"north": {"uv": [3, 10, 3.375, 10.75], "rotation": 180, "texture": "#0"},
				"east": {"uv": [3, 10, 3.375, 10.75], "rotation": 180, "texture": "#0"},
				"south": {"uv": [3, 10, 3.375, 10.75], "rotation": 180, "texture": "#0"},
				"west": {"uv": [3, 10, 3.375, 10.75], "rotation": 180, "texture": "#0"},
				"up": {"uv": [3, 10, 3.375, 10.75], "rotation": 180, "texture": "#0"},
				"down": {"uv": [3, 10, 3.375, 10.75], "rotation": 180, "texture": "#0"}
			}
		},
		{
			"from": [6.75, 6.5, 9.5],
			"to": [9.25, 9.25, 14],
			"rotation": {"angle": 0, "axis": "y", "origin": [14.5, 14.5, 21]},
			"faces": {
				"north": {"uv": [11, 2, 12.25, 3.375], "texture": "#0"},
				"east": {"uv": [11, 2, 13.25, 3.375], "texture": "#0"},
				"south": {"uv": [11, 2, 12.25, 3.375], "texture": "#0"},
				"west": {"uv": [11, 2, 13.25, 3.375], "texture": "#0"},
				"up": {"uv": [11, 2, 12.25, 4.25], "texture": "#0"},
				"down": {"uv": [11, 2, 12.25, 4.25], "texture": "#0"}
			}
		},
		{
			"from": [6.5, 9.25, 5],
			"to": [9.5, 11, 15.5],
			"rotation": {"angle": 0, "axis": "y", "origin": [14.5, 17.25, 21]},
			"faces": {
				"north": {"uv": [10, 2, 11.5, 2.875], "texture": "#0"},
				"east": {"uv": [10, 2, 15.25, 2.875], "texture": "#0"},
				"south": {"uv": [10, 2, 11.5, 2.875], "texture": "#0"},
				"west": {"uv": [10, 2, 15.25, 2.875], "texture": "#0"},
				"up": {"uv": [10, 2, 11.5, 7.25], "texture": "#0"},
				"down": {"uv": [10, 2, 11.5, 7.25], "texture": "#0"}
			}
		},
		{
			"from": [6.5, 9.5, -2],
			"to": [9.5, 11, 5],
			"rotation": {"angle": 0, "axis": "y", "origin": [14.5, 17.25, 14]},
			"faces": {
				"north": {"uv": [9, 1, 10.5, 1.75], "texture": "#0"},
				"east": {"uv": [9, 1, 12.5, 1.75], "texture": "#0"},
				"south": {"uv": [9, 1, 10.5, 1.75], "texture": "#0"},
				"west": {"uv": [9, 1, 12.5, 1.75], "texture": "#0"},
				"up": {"uv": [9, 1, 10.5, 4.5], "texture": "#0"},
				"down": {"uv": [9, 1, 10.5, 4.5], "texture": "#0"}
			}
		},
		{
			"from": [7.25, 9, -1.75],
			"to": [8.75, 9.5, 5],
			"rotation": {"angle": 0, "axis": "y", "origin": [14.5, 15.75, 14]},
			"faces": {
				"north": {"uv": [2, 2, 2.75, 2.25], "texture": "#0"},
				"east": {"uv": [2, 2, 5.375, 2.25], "texture": "#0"},
				"south": {"uv": [2, 2, 2.75, 2.25], "texture": "#0"},
				"west": {"uv": [2, 2, 5.375, 2.25], "texture": "#0"},
				"up": {"uv": [2, 2, 2.75, 5.375], "texture": "#0"},
				"down": {"uv": [2, 2, 2.75, 5.375], "texture": "#0"}
			}
		},
		{
			"from": [7, 8.85, -1.25],
			"to": [9, 9.5, -0.5],
			"rotation": {"angle": 0, "axis": "y", "origin": [14.5, 15.75, 14]},
			"faces": {
				"north": {"uv": [9, 2, 9.375, 2.325], "texture": "#0"},
				"east": {"uv": [9, 2, 9.375, 2.325], "texture": "#0"},
				"south": {"uv": [9, 2, 9.375, 2.325], "texture": "#0"},
				"west": {"uv": [9, 2, 9.375, 2.325], "texture": "#0"},
				"up": {"uv": [9, 2, 9.375, 2.325], "texture": "#0"},
				"down": {"uv": [9, 2, 9.375, 2.325], "texture": "#0"}
			}
		},
		{
			"from": [7, 8.85, 1.75],
			"to": [9, 9.5, 2.5],
			"rotation": {"angle": 0, "axis": "y", "origin": [14.5, 15.75, 17]},
			"faces": {
				"north": {"uv": [9, 2, 9.375, 2.325], "texture": "#0"},
				"east": {"uv": [9, 2, 9.375, 2.325], "texture": "#0"},
				"south": {"uv": [9, 2, 9.375, 2.325], "texture": "#0"},
				"west": {"uv": [9, 2, 9.375, 2.325], "texture": "#0"},
				"up": {"uv": [9, 2, 9.375, 2.325], "texture": "#0"},
				"down": {"uv": [9, 2, 9.375, 2.325], "texture": "#0"}
			}
		},
		{
			"from": [7, 8.85, -0.25],
			"to": [9, 9.5, 0.5],
			"rotation": {"angle": 0, "axis": "y", "origin": [14.5, 15.75, 15]},
			"faces": {
				"north": {"uv": [9, 2, 9.375, 2.325], "texture": "#0"},
				"east": {"uv": [9, 2, 9.375, 2.325], "texture": "#0"},
				"south": {"uv": [9, 2, 9.375, 2.325], "texture": "#0"},
				"west": {"uv": [9, 2, 9.375, 2.325], "texture": "#0"},
				"up": {"uv": [9, 2, 9.375, 2.325], "texture": "#0"},
				"down": {"uv": [9, 2, 9.375, 2.325], "texture": "#0"}
			}
		},
		{
			"from": [7, 8.85, 2.75],
			"to": [9, 9.5, 3.5],
			"rotation": {"angle": 0, "axis": "y", "origin": [14.5, 15.75, 18]},
			"faces": {
				"north": {"uv": [9, 2, 9.375, 2.325], "texture": "#0"},
				"east": {"uv": [9, 2, 9.375, 2.325], "texture": "#0"},
				"south": {"uv": [9, 2, 9.375, 2.325], "texture": "#0"},
				"west": {"uv": [9, 2, 9.375, 2.325], "texture": "#0"},
				"up": {"uv": [9, 2, 9.375, 2.325], "texture": "#0"},
				"down": {"uv": [9, 2, 9.375, 2.325], "texture": "#0"}
			}
		},
		{
			"from": [7, 8.85, 0.75],
			"to": [9, 9.5, 1.5],
			"rotation": {"angle": 0, "axis": "y", "origin": [14.5, 15.75, 16]},
			"faces": {
				"north": {"uv": [9, 2, 9.375, 2.325], "texture": "#0"},
				"east": {"uv": [9, 2, 9.375, 2.325], "texture": "#0"},
				"south": {"uv": [9, 2, 9.375, 2.325], "texture": "#0"},
				"west": {"uv": [9, 2, 9.375, 2.325], "texture": "#0"},
				"up": {"uv": [9, 2, 9.375, 2.325], "texture": "#0"},
				"down": {"uv": [9, 2, 9.375, 2.325], "texture": "#0"}
			}
		},
		{
			"from": [7, 8.85, 3.75],
			"to": [9, 9.5, 4.5],
			"rotation": {"angle": 0, "axis": "y", "origin": [14.5, 15.75, 19]},
			"faces": {
				"north": {"uv": [9, 2, 9.375, 2.325], "texture": "#0"},
				"east": {"uv": [9, 2, 9.375, 2.325], "texture": "#0"},
				"south": {"uv": [9, 2, 9.375, 2.325], "texture": "#0"},
				"west": {"uv": [9, 2, 9.375, 2.325], "texture": "#0"},
				"up": {"uv": [9, 2, 9.375, 2.325], "texture": "#0"},
				"down": {"uv": [9, 2, 9.375, 2.325], "texture": "#0"}
			}
		},
		{
			"from": [6.25, 9.75, 6],
			"to": [6.5, 10.5, 8.5],
			"rotation": {"angle": 0, "axis": "y", "origin": [11.5, 16.75, 21]},
			"faces": {
				"north": {"uv": [2, 4, 2.125, 4.375], "texture": "#0"},
				"east": {"uv": [2, 4, 3.25, 4.375], "texture": "#0"},
				"south": {"uv": [2, 4, 2.125, 4.375], "texture": "#0"},
				"west": {"uv": [2, 4, 3.25, 4.375], "texture": "#0"},
				"up": {"uv": [2, 4, 2.125, 5.25], "texture": "#0"},
				"down": {"uv": [2, 4, 2.125, 5.25], "texture": "#0"}
			}
		},
		{
			"from": [6.05, 9.5, 8.25],
			"to": [6.5, 10.5, 9.25],
			"rotation": {"angle": 0, "axis": "y", "origin": [11.5, 16.75, 21.75]},
			"faces": {
				"north": {"uv": [4, 10, 4.225, 10.5], "texture": "#0"},
				"east": {"uv": [4, 10, 4.5, 10.5], "texture": "#0"},
				"south": {"uv": [4, 10, 4.225, 10.5], "texture": "#0"},
				"west": {"uv": [4, 10, 4.5, 10.5], "texture": "#0"},
				"up": {"uv": [4, 10, 4.225, 10.5], "texture": "#0"},
				"down": {"uv": [4, 10, 4.225, 10.5], "texture": "#0"}
			}
		},
		{
			"from": [7.5, 13.49109, 11.26673],
			"to": [8.5, 14.99109, 11.51673],
			"rotation": {"angle": -22.5, "axis": "x", "origin": [14.5, 21.24109, 18.26673]},
			"faces": {
				"north": {"uv": [10, 4, 10.5, 4.75], "texture": "#0"},
				"east": {"uv": [10, 4, 10.125, 4.75], "texture": "#0"},
				"south": {"uv": [10, 4, 10.5, 4.75], "texture": "#0"},
				"west": {"uv": [10, 4, 10.125, 4.75], "texture": "#0"},
				"up": {"uv": [10, 4, 10.5, 4.125], "texture": "#0"},
				"down": {"uv": [10, 4, 10.5, 4.125], "texture": "#0"}
			}
		},
		{
			"from": [7.25, 11.35, -2.5],
			"to": [8.75, 12.85, 3],
			"rotation": {"angle": 0, "axis": "y", "origin": [14.5, 18.85, 20]},
			"faces": {
				"north": {"uv": [2, 4, 2.75, 4.75], "texture": "#0"},
				"east": {"uv": [2, 4, 4.75, 4.75], "texture": "#0"},
				"south": {"uv": [2, 4, 2.75, 4.75], "texture": "#0"},
				"west": {"uv": [2, 4, 4.75, 4.75], "texture": "#0"},
				"up": {"uv": [2, 4, 2.75, 6.75], "texture": "#0"},
				"down": {"uv": [2, 4, 2.75, 6.75], "texture": "#0"}
			}
		},
		{
			"from": [7.45, 11.55, -2.525],
			"to": [8.55, 12.65, -2.45],
			"rotation": {"angle": 0, "axis": "y", "origin": [14.5, 18.85, 20]},
			"faces": {
				"north": {"uv": [15.25, 8.25, 15.75, 8.75], "texture": "#0"},
				"east": {"uv": [15, 8, 15.5, 8.5], "texture": "#0"},
				"south": {"uv": [15, 8, 15.5, 8.5], "texture": "#0"},
				"west": {"uv": [15, 8, 15.5, 8.5], "texture": "#0"},
				"up": {"uv": [15, 8, 15.5, 8.5], "texture": "#0"},
				"down": {"uv": [15, 8, 15.5, 8.5], "texture": "#0"}
			}
		},
		{
			"from": [7.5, 9.8, -2.5],
			"to": [8.5, 10.8, -2],
			"rotation": {"angle": 0, "axis": "y", "origin": [14.5, 17.05, 20]},
			"faces": {
				"north": {"uv": [5, 5, 5.25, 5.5], "texture": "#0"},
				"east": {"uv": [5, 5, 5.25, 5.5], "texture": "#0"},
				"south": {"uv": [5, 5, 5.25, 5.5], "texture": "#0"},
				"west": {"uv": [5, 5, 5.25, 5.5], "texture": "#0"},
				"up": {"uv": [5, 5, 5.25, 5.5], "texture": "#0"},
				"down": {"uv": [5, 5, 5.25, 5.5], "texture": "#0"}
			}
		}
	],
	"display": {
		"thirdperson_righthand": {
			"translation": [-0.5, 0, -0.75],
			"scale": [0, 0, 0]
		},
		"thirdperson_lefthand": {
			"translation": [-0.5, 0, -0.75],
			"scale": [0, 0, 0]
		},
		"firstperson_righthand": {
			"rotation": [0, 0, 9],
			"translation": [-3.5, 0, 0],
			"scale": [0.7, 0.7, 0.7]
		},
		"firstperson_lefthand": {
			"rotation": [0, 0, 9],
			"translation": [-3.5, 0, 0],
			"scale": [0.7, 0.7, 0.7]
		},
		"ground": {
			"rotation": [0, 0, 90],
			"translation": [0, 4, 0],
			"scale": [0.4, 0.4, 0.4]
		},
		"gui": {
			"rotation": [27, 144, 0],
			"translation": [0.25, -0.5, 0]
		}
	},
	"groups": [
		{
			"name": "1",
			"origin": [14, 20.75, 34.75],
			"children": [0, 1, 2, 3, 4, 5, 6, 7]
		},
		{
			"name": "2",
			"origin": [14.5, -1, 21.5],
			"children": [8, 9, 10, 11]
		},
		{
			"name": "group",
			"origin": [14.5, 17.05, 20],
			"children": [12, 13, 14, 15, 16, 17, 18, 19, 20, 21, 22, 23, 24, 25, 26, 27, 28, 29, 30, 31, 32, 33, 34, 35, 36]
		}
	]
}