{
	"credit": "By NZ in Blockbench",
	"texture_size": [40, 40],
	"textures": {
		"0": "modularwarfare:items/guns/prototype.fnx45",
		"particle": "modularwarfare:items/guns/prototype.fnx45"
	},
	"elements": [
		{
			"from": [7, -0.15224, 6.98463],
			"to": [9, 10.84776, 9.98463],
			"rotation": {"angle": 0, "axis": "y", "origin": [15.5, 3.84776, 20.48463]},
			"faces": {
				"north": {"uv": [1, 9, 1.8, 14.2], "texture": "#0"},
				"east": {"uv": [1, 9, 2.2, 14.2], "texture": "#0"},
				"south": {"uv": [1, 9, 1.8, 14.2], "texture": "#0"},
				"west": {"uv": [1, 9, 2.2, 14.2], "texture": "#0"},
				"up": {"uv": [15, 8, 15.4, 8.4], "texture": "#0"},
				"down": {"uv": [1, 9, 1.8, 10.2], "texture": "#0"}
			}
		},
		{
			"from": [7, 10.84776, 6.98463],
			"to": [7.5, 11.84776, 9.98463],
			"rotation": {"angle": 0, "axis": "y", "origin": [15.5, 3.84776, 20.48463]},
			"faces": {
				"north": {"uv": [2, 6, 2.2, 6.4], "texture": "#0"},
				"east": {"uv": [2, 6, 3.2, 6.4], "texture": "#0"},
				"south": {"uv": [2, 6, 2.2, 6.4], "texture": "#0"},
				"west": {"uv": [2, 6, 3.2, 6.4], "texture": "#0"},
				"up": {"uv": [2, 6, 2.2, 7.2], "texture": "#0"},
				"down": {"uv": [2, 6, 2.2, 7.2], "texture": "#0"}
			}
		},
		{
			"from": [8.5, 10.84776, 6.98463],
			"to": [9, 11.84776, 9.98463],
			"rotation": {"angle": 0, "axis": "y", "origin": [15.5, 3.84776, 20.48463]},
			"faces": {
				"north": {"uv": [2, 6, 2.2, 6.4], "texture": "#0"},
				"east": {"uv": [2, 6, 3.2, 6.4], "texture": "#0"},
				"south": {"uv": [2, 6, 2.2, 6.4], "texture": "#0"},
				"west": {"uv": [2, 6, 3.2, 6.4], "texture": "#0"},
				"up": {"uv": [2, 6, 2.2, 7.2], "texture": "#0"},
				"down": {"uv": [2, 6, 2.2, 7.2], "texture": "#0"}
			}
		},
		{
			"from": [6.9, -0.25224, 5.98463],
			"to": [9.1, 0.44776, 10.18463],
			"rotation": {"angle": 0, "axis": "y", "origin": [15.5, 3.84776, 20.48463]},
			"faces": {
				"north": {"uv": [1, 9, 1.88, 9.28], "texture": "#0"},
				"east": {"uv": [1, 9, 2.68, 9.28], "texture": "#0"},
				"south": {"uv": [1, 9, 1.88, 9.28], "texture": "#0"},
				"west": {"uv": [1, 9, 2.68, 9.28], "texture": "#0"},
				"up": {"uv": [1, 9, 1.88, 10.68], "texture": "#0"},
				"down": {"uv": [1, 9, 1.88, 10.68], "texture": "#0"}
			}
		}
	],
	"display": {
		"thirdperson_righthand": {
			"rotation": [43, 0, 0],
			"translation": [-0.75, 0.5, 0.25],
			"scale": [0.4, 0.4, 0.4]
		},
		"thirdperson_lefthand": {
			"translation": [-0.75, 0, -1.25],
			"scale": [0, 0, 0]
		},
		"firstperson_righthand": {
			"rotation": [1, -2, 7],
			"translation": [3.25, 3.5, -1.5],
			"scale": [0.7, 0.7, 0.7]
		},
		"firstperson_lefthand": {
			"rotation": [0, 0, 8],
			"translation": [-1.75, 0, 0],
			"scale": [0.7, 0.7, 0.7]
		},
		"ground": {
			"translation": [0, 4, 0],
			"scale": [0.4, 0.4, 0.4]
		},
		"gui": {
			"rotation": [32, 140, 0],
			"translation": [0.5, 2, 0]
		}
	},
	"groups": [
		{
			"name": "2",
			"origin": [15.5, 2.84776, 20.48463],
			"children": [0, 1, 2, 3]
		}
	]
}