{
	"credit": "By NZ in Blockbench",
	"texture_size": [40, 40],
	"textures": {
		"0": "modularwarfare:items/guns/prototype.fnx45",
		"particle": "modularwarfare:items/guns/prototype.fnx45"
	},
	"elements": [
		{
			"from": [7.5, 13.53978, 14.77375],
			"to": [8.5, 14.03978, 18.27375],
			"rotation": {"angle": 0, "axis": "y", "origin": [15.5, 21.53978, 37.27375]},
			"faces": {
				"north": {"uv": [2, 10, 2.4, 10.2], "texture": "#0"},
				"east": {"uv": [2, 10, 3.4, 10.2], "texture": "#0"},
				"south": {"uv": [2, 10, 2.4, 10.2], "texture": "#0"},
				"west": {"uv": [2, 10, 3.4, 10.2], "texture": "#0"},
				"up": {"uv": [2, 10, 2.4, 11.4], "texture": "#0"},
				"down": {"uv": [2, 10, 2.4, 11.4], "texture": "#0"}
			}
		},
		{
			"from": [6.95, 13.53978, 18.27375],
			"to": [9, 14.03978, 18.77375],
			"rotation": {"angle": 0, "axis": "y", "origin": [15.5, 21.53978, 38.77375]},
			"faces": {
				"north": {"uv": [2, 10, 2.82, 10.2], "texture": "#0"},
				"east": {"uv": [2, 10, 2.2, 10.2], "texture": "#0"},
				"south": {"uv": [2, 10, 2.82, 10.2], "texture": "#0"},
				"west": {"uv": [2, 10, 2.2, 10.2], "texture": "#0"},
				"up": {"uv": [2, 10, 2.82, 10.2], "texture": "#0"},
				"down": {"uv": [2, 10, 2.82, 10.2], "texture": "#0"}
			}
		},
		{
			"from": [7, -4.15224, 9.98463],
			"to": [9, 8.84776, 12.98463],
			"rotation": {"angle": 0, "axis": "y", "origin": [15.5, 3.84776, 20.48463]},
			"faces": {
				"north": {"uv": [1, 9, 1.8, 14.2], "texture": "#0"},
				"east": {"uv": [1, 9, 2.2, 14.2], "texture": "#0"},
				"south": {"uv": [1, 9, 1.8, 14.2], "texture": "#0"},
				"west": {"uv": [1, 9, 2.2, 14.2], "texture": "#0"},
				"up": {"uv": [1, 9, 1.8, 10.2], "texture": "#0"},
				"down": {"uv": [1, 9, 1.8, 10.2], "texture": "#0"}
			}
		},
		{
			"from": [6.5, 1.84776, 9.48463],
			"to": [9.5, 8.84776, 13.48463],
			"rotation": {"angle": 0, "axis": "y", "origin": [15.5, 9.84776, 20.48463]},
			"faces": {
				"north": {"uv": [10, 2, 11.2, 4.8], "texture": "#0"},
				"east": {"uv": [10, 2, 11.6, 4.8], "texture": "#0"},
				"south": {"uv": [10, 2, 11.2, 4.8], "texture": "#0"},
				"west": {"uv": [10, 2, 11.6, 4.8], "texture": "#0"},
				"up": {"uv": [10, 2, 11.2, 3.6], "texture": "#0"},
				"down": {"uv": [10, 2, 11.2, 3.6], "texture": "#0"}
			}
		},
		{
			"from": [6.25, 2.34776, 9.98463],
			"to": [9.75, 8.84776, 12.98463],
			"rotation": {"angle": 0, "axis": "y", "origin": [15.5, 9.84776, 20.48463]},
			"faces": {
				"north": {"uv": [2, 2, 3.4, 4.6], "texture": "#0"},
				"east": {"uv": [2, 2, 3.2, 4.6], "texture": "#0"},
				"south": {"uv": [2, 2, 3.4, 4.6], "texture": "#0"},
				"west": {"uv": [2, 2, 3.2, 4.6], "texture": "#0"},
				"up": {"uv": [2, 2, 3.4, 3.2], "texture": "#0"},
				"down": {"uv": [2, 2, 3.4, 3.2], "texture": "#0"}
			}
		},
		{
			"from": [7.5, 7.5, 5.5],
			"to": [8.5, 8, 9.5],
			"rotation": {"angle": 0, "axis": "y", "origin": [15.5, 9.5, 16.5]},
			"faces": {
				"north": {"uv": [1, 10, 1.4, 10.2], "texture": "#0"},
				"east": {"uv": [1, 10, 2.6, 10.2], "texture": "#0"},
				"south": {"uv": [1, 10, 1.4, 10.2], "texture": "#0"},
				"west": {"uv": [1, 10, 2.6, 10.2], "texture": "#0"},
				"up": {"uv": [1, 10, 1.4, 11.6], "texture": "#0"},
				"down": {"uv": [1, 10, 1.4, 11.6], "texture": "#0"}
			}
		},
		{
			"from": [7.5, 8.79821, 8.02654],
			"to": [8.5, 9.79821, 8.52654],
			"rotation": {"angle": -22.5, "axis": "x", "origin": [15.5, 1.79821, 10.02654]},
			"faces": {
				"north": {"uv": [1, 10, 1.4, 10.4], "rotation": 90, "texture": "#0"},
				"east": {"uv": [1, 10, 1.4, 10.2], "rotation": 90, "texture": "#0"},
				"south": {"uv": [1, 10, 1.4, 10.4], "rotation": 90, "texture": "#0"},
				"west": {"uv": [1, 10, 1.4, 10.2], "rotation": 90, "texture": "#0"},
				"up": {"uv": [1, 10, 1.2, 10.4], "rotation": 90, "texture": "#0"},
				"down": {"uv": [1, 10, 1.2, 10.4], "rotation": 90, "texture": "#0"}
			}
		},
		{
			"from": [7.5, 8.42388, 5.11732],
			"to": [8.5, 10.17388, 5.61732],
			"rotation": {"angle": 0, "axis": "y", "origin": [15.5, 1.42388, 7.11732]},
			"faces": {
				"north": {"uv": [1, 10, 1.7, 10.4], "rotation": 90, "texture": "#0"},
				"east": {"uv": [1, 10, 1.7, 10.2], "rotation": 90, "texture": "#0"},
				"south": {"uv": [1, 10, 1.7, 10.4], "rotation": 90, "texture": "#0"},
				"west": {"uv": [1, 10, 1.7, 10.2], "rotation": 90, "texture": "#0"},
				"up": {"uv": [1, 10, 1.2, 10.4], "rotation": 90, "texture": "#0"},
				"down": {"uv": [1, 10, 1.2, 10.4], "rotation": 90, "texture": "#0"}
			}
		},
		{
			"from": [7.75, 8.42388, 7.86732],
			"to": [8.25, 10.17388, 8.36732],
			"rotation": {"angle": 0, "axis": "y", "origin": [15.5, 1.42388, 9.86732]},
			"faces": {
				"north": {"uv": [1, 11, 1.7, 11.2], "rotation": 90, "texture": "#0"},
				"east": {"uv": [1, 11, 1.7, 11.2], "rotation": 90, "texture": "#0"},
				"south": {"uv": [1, 11, 1.7, 11.2], "rotation": 90, "texture": "#0"},
				"west": {"uv": [1, 11, 1.7, 11.2], "rotation": 90, "texture": "#0"},
				"up": {"uv": [1, 11, 1.7, 11.2], "rotation": 90, "texture": "#0"},
				"down": {"uv": [1, 11, 1.7, 11.2], "rotation": 90, "texture": "#0"}
			}
		},
		{
			"from": [6.8, 12.16478, 18.27375],
			"to": [7.55, 12.91478, 24.02375],
			"rotation": {"angle": 0, "axis": "y", "origin": [15.55, 17.66478, 21.27375]},
			"faces": {
				"north": {"uv": [1, 10, 1.3, 10.3], "texture": "#0"},
				"east": {"uv": [1, 10, 3.3, 10.3], "texture": "#0"},
				"south": {"uv": [1, 10, 1.3, 10.3], "texture": "#0"},
				"west": {"uv": [1, 10, 3.3, 10.3], "texture": "#0"},
				"up": {"uv": [1, 10, 1.3, 12.3], "texture": "#0"},
				"down": {"uv": [1, 10, 1.3, 12.3], "texture": "#0"}
			}
		},
		{
			"from": [6.55, 12.16478, 24.02375],
			"to": [7.55, 13.16478, 30.27375],
			"rotation": {"angle": 0, "axis": "y", "origin": [15.55, 17.66478, 27.02375]},
			"faces": {
				"north": {"uv": [2, 4, 2.4, 4.4], "texture": "#0"},
				"east": {"uv": [2, 4, 4.5, 4.4], "texture": "#0"},
				"south": {"uv": [2, 4, 2.4, 4.4], "texture": "#0"},
				"west": {"uv": [2, 4, 4.5, 4.4], "texture": "#0"},
				"up": {"uv": [2, 4, 2.4, 6.5], "texture": "#0"},
				"down": {"uv": [2, 4, 2.4, 6.5], "texture": "#0"}
			}
		},
		{
			"from": [6.8, 6.91478, 30.27375],
			"to": [9.15, 13.16478, 31.27375],
			"rotation": {"angle": 0, "axis": "y", "origin": [15.55, 17.66478, 28.02375]},
			"faces": {
				"north": {"uv": [10, 2, 10.94, 4.5], "texture": "#0"},
				"east": {"uv": [10, 2, 10.4, 4.5], "texture": "#0"},
				"south": {"uv": [10, 2, 10.94, 4.5], "texture": "#0"},
				"west": {"uv": [10, 2, 10.4, 4.5], "texture": "#0"},
				"up": {"uv": [10, 2, 10.94, 2.4], "texture": "#0"},
				"down": {"uv": [10, 2, 10.94, 2.4], "texture": "#0"}
			}
		},
		{
			"from": [7.3, 6.91478, 29.27375],
			"to": [8.65, 12.16478, 30.27375],
			"rotation": {"angle": 0, "axis": "y", "origin": [15.55, 20.66478, 27.02375]},
			"faces": {
				"north": {"uv": [2, 2, 2.54, 4.1], "texture": "#0"},
				"east": {"uv": [2, 2, 2.4, 4.1], "texture": "#0"},
				"south": {"uv": [2, 2, 2.54, 4.1], "texture": "#0"},
				"west": {"uv": [2, 2, 2.4, 4.1], "texture": "#0"},
				"up": {"uv": [2, 2, 2.54, 2.4], "texture": "#0"},
				"down": {"uv": [2, 2, 2.54, 2.4], "texture": "#0"}
			}
		},
		{
			"from": [8.4, 12.16478, 18.27375],
			"to": [9.15, 12.91478, 24.02375],
			"rotation": {"angle": 0, "axis": "y", "origin": [17.15, 17.66478, 21.27375]},
			"faces": {
				"north": {"uv": [1, 10, 1.3, 10.3], "texture": "#0"},
				"east": {"uv": [1, 10, 3.3, 10.3], "texture": "#0"},
				"south": {"uv": [1, 10, 1.3, 10.3], "texture": "#0"},
				"west": {"uv": [1, 10, 3.3, 10.3], "texture": "#0"},
				"up": {"uv": [1, 10, 1.3, 12.3], "texture": "#0"},
				"down": {"uv": [1, 10, 1.3, 12.3], "texture": "#0"}
			}
		},
		{
			"from": [8.4, 12.16478, 24.02375],
			"to": [9.4, 13.16478, 30.27375],
			"rotation": {"angle": 0, "axis": "y", "origin": [17.15, 17.66478, 27.02375]},
			"faces": {
				"north": {"uv": [2, 4, 2.4, 4.4], "texture": "#0"},
				"east": {"uv": [2, 4, 4.5, 4.4], "texture": "#0"},
				"south": {"uv": [2, 4, 2.4, 4.4], "texture": "#0"},
				"west": {"uv": [2, 4, 4.5, 4.4], "texture": "#0"},
				"up": {"uv": [2, 4, 2.4, 6.5], "texture": "#0"},
				"down": {"uv": [2, 4, 2.4, 6.5], "texture": "#0"}
			}
		},
		{
			"from": [6.25, 9.16478, 9.02375],
			"to": [9.75, 11.16478, 18.77375],
			"rotation": {"angle": 0, "axis": "y", "origin": [15.5, 17.16478, 20.77375]},
			"faces": {
				"north": {"uv": [9, 3, 10.4, 3.8], "texture": "#0"},
				"east": {"uv": [9, 3, 12.9, 3.8], "texture": "#0"},
				"south": {"uv": [9, 3, 10.4, 3.8], "texture": "#0"},
				"west": {"uv": [9, 3, 12.9, 3.8], "texture": "#0"},
				"up": {"uv": [9, 3, 10.4, 6.9], "texture": "#0"},
				"down": {"uv": [9, 3, 10.4, 6.9], "texture": "#0"}
			}
		},
		{
			"from": [6.3, 9.16478, 0.77375],
			"to": [9.7, 11.16478, 4.77375],
			"rotation": {"angle": 0, "axis": "y", "origin": [15.5, 17.16478, 6.77375]},
			"faces": {
				"north": {"uv": [3, 5, 4.4, 5.8], "texture": "#0"},
				"east": {"uv": [3, 5, 4.6, 5.8], "texture": "#0"},
				"south": {"uv": [3, 5, 4.4, 5.8], "texture": "#0"},
				"west": {"uv": [3, 5, 4.6, 5.8], "texture": "#0"},
				"up": {"uv": [3, 5, 4.4, 6.6], "texture": "#0"},
				"down": {"uv": [3, 5, 4.4, 6.6], "texture": "#0"}
			}
		},
		{
			"from": [7.25, 2.66478, 1.77375],
			"to": [8.75, 9.16478, 3.27375],
			"rotation": {"angle": 0, "axis": "y", "origin": [16.25, 15.16478, 5.52375]},
			"faces": {
				"north": {"uv": [2, 11, 2.6, 13.6], "texture": "#0"},
				"east": {"uv": [2, 11, 2.6, 13.6], "texture": "#0"},
				"south": {"uv": [2, 11, 2.6, 13.6], "texture": "#0"},
				"west": {"uv": [2, 11, 2.6, 13.6], "texture": "#0"},
				"up": {"uv": [2, 11, 2.6, 11.6], "texture": "#0"},
				"down": {"uv": [2, 11, 2.6, 11.6], "texture": "#0"}
			}
		},
		{
			"from": [7, 6.91478, 1.52375],
			"to": [9, 7.91478, 3.52375],
			"rotation": {"angle": 0, "axis": "y", "origin": [16.25, 13.91478, 5.52375]},
			"faces": {
				"north": {"uv": [10, 3, 10.8, 3.4], "texture": "#0"},
				"east": {"uv": [10, 3, 10.8, 3.4], "texture": "#0"},
				"south": {"uv": [10, 3, 10.8, 3.4], "texture": "#0"},
				"west": {"uv": [10, 3, 10.8, 3.4], "texture": "#0"},
				"up": {"uv": [10, 3, 10.8, 3.8], "texture": "#0"},
				"down": {"uv": [10, 3, 10.8, 3.8], "texture": "#0"}
			}
		},
		{
			"from": [7, 4.41478, 1.52375],
			"to": [9, 5.41478, 3.52375],
			"rotation": {"angle": 0, "axis": "y", "origin": [16.25, 11.41478, 5.52375]},
			"faces": {
				"north": {"uv": [10, 3, 10.8, 3.4], "texture": "#0"},
				"east": {"uv": [10, 3, 10.8, 3.4], "texture": "#0"},
				"south": {"uv": [10, 3, 10.8, 3.4], "texture": "#0"},
				"west": {"uv": [10, 3, 10.8, 3.4], "texture": "#0"},
				"up": {"uv": [10, 3, 10.8, 3.8], "texture": "#0"},
				"down": {"uv": [10, 3, 10.8, 3.8], "texture": "#0"}
			}
		},
		{
			"from": [7, 5.66478, 1.52375],
			"to": [9, 6.66478, 3.52375],
			"rotation": {"angle": 0, "axis": "y", "origin": [16.25, 12.66478, 5.52375]},
			"faces": {
				"north": {"uv": [10, 3, 10.8, 3.4], "texture": "#0"},
				"east": {"uv": [10, 3, 10.8, 3.4], "texture": "#0"},
				"south": {"uv": [10, 3, 10.8, 3.4], "texture": "#0"},
				"west": {"uv": [10, 3, 10.8, 3.4], "texture": "#0"},
				"up": {"uv": [10, 3, 10.8, 3.8], "texture": "#0"},
				"down": {"uv": [10, 3, 10.8, 3.8], "texture": "#0"}
			}
		},
		{
			"from": [7, 3.16478, 1.52375],
			"to": [9, 4.16478, 3.52375],
			"rotation": {"angle": 0, "axis": "y", "origin": [16.25, 10.16478, 5.52375]},
			"faces": {
				"north": {"uv": [10, 3, 10.8, 3.4], "texture": "#0"},
				"east": {"uv": [10, 3, 10.8, 3.4], "texture": "#0"},
				"south": {"uv": [10, 3, 10.8, 3.4], "texture": "#0"},
				"west": {"uv": [10, 3, 10.8, 3.4], "texture": "#0"},
				"up": {"uv": [10, 3, 10.8, 3.8], "texture": "#0"},
				"down": {"uv": [10, 3, 10.8, 3.8], "texture": "#0"}
			}
		},
		{
			"from": [6.25, 7.79045, -0.31703],
			"to": [9.75, 9.79045, 3.68297],
			"rotation": {"angle": 22.5, "axis": "x", "origin": [15.5, 15.79045, 5.68297]},
			"faces": {
				"north": {"uv": [10, 3, 11.4, 3.8], "texture": "#0"},
				"east": {"uv": [10, 3, 11.6, 3.8], "texture": "#0"},
				"south": {"uv": [10, 3, 11.4, 3.8], "texture": "#0"},
				"west": {"uv": [10, 3, 11.6, 3.8], "texture": "#0"},
				"up": {"uv": [10, 3, 11.4, 4.6], "texture": "#0"},
				"down": {"uv": [10, 3, 11.4, 4.6], "texture": "#0"}
			}
		},
		{
			"from": [6.25, 9.76545, -0.31703],
			"to": [9.75, 11.76545, 3.68297],
			"rotation": {"angle": 22.5, "axis": "x", "origin": [15.5, 17.76545, 5.68297]},
			"faces": {
				"north": {"uv": [10, 3, 11.4, 3.8], "texture": "#0"},
				"east": {"uv": [10, 3, 11.6, 3.8], "texture": "#0"},
				"south": {"uv": [10, 3, 11.4, 3.8], "texture": "#0"},
				"west": {"uv": [10, 3, 11.6, 3.8], "texture": "#0"},
				"up": {"uv": [10, 3, 11.4, 4.6], "texture": "#0"},
				"down": {"uv": [10, 3, 11.4, 4.6], "texture": "#0"}
			}
		},
		{
			"from": [6.25, 10.16478, 4.77375],
			"to": [9.75, 11.16478, 9.02375],
			"rotation": {"angle": 0, "axis": "y", "origin": [15.5, 17.16478, 10.77375]},
			"faces": {
				"north": {"uv": [2, 3, 3.4, 3.4], "texture": "#0"},
				"east": {"uv": [2, 3, 3.7, 3.4], "texture": "#0"},
				"south": {"uv": [2, 3, 3.4, 3.4], "texture": "#0"},
				"west": {"uv": [2, 3, 3.7, 3.4], "texture": "#0"},
				"up": {"uv": [2, 3, 3.4, 4.7], "texture": "#0"},
				"down": {"uv": [2, 3, 3.4, 4.7], "texture": "#0"}
			}
		},
		{
			"from": [6.275, 12.16478, 1.02375],
			"to": [9.7, 13.16478, 7.02375],
			"rotation": {"angle": 0, "axis": "y", "origin": [15.5, 19.16478, 7.02375]},
			"faces": {
				"north": {"uv": [2, 10, 3.37, 10.4], "texture": "#0"},
				"east": {"uv": [2, 10, 4.4, 10.4], "texture": "#0"},
				"south": {"uv": [2, 10, 3.37, 10.4], "texture": "#0"},
				"west": {"uv": [2, 10, 4.4, 10.4], "texture": "#0"},
				"up": {"uv": [2, 10, 4.4, 10.4], "texture": "#0"},
				"down": {"uv": [2, 10, 3.37, 12.4], "texture": "#0"}
			}
		},
		{
			"from": [9.5, 11.66478, 8.02375],
			"to": [10, 13.16478, 12.02375],
			"rotation": {"angle": 0, "axis": "y", "origin": [15.5, 19.16478, 8.02375]},
			"faces": {
				"north": {"uv": [1, 11, 1.2, 11.6], "texture": "#0"},
				"east": {"uv": [1, 11, 2.6, 11.6], "texture": "#0"},
				"south": {"uv": [1, 11, 1.2, 11.6], "texture": "#0"},
				"west": {"uv": [1, 11, 2.6, 11.6], "texture": "#0"},
				"up": {"uv": [1, 11, 1.2, 12.6], "texture": "#0"},
				"down": {"uv": [1, 11, 1.2, 12.6], "texture": "#0"}
			}
		},
		{
			"from": [6.05, 11.66478, 11.02375],
			"to": [6.5, 12.66478, 13.02375],
			"rotation": {"angle": 0, "axis": "y", "origin": [15.5, 18.66478, 17.02375]},
			"faces": {
				"north": {"uv": [2, 11, 2.18, 11.4], "texture": "#0"},
				"east": {"uv": [2, 11, 2.8, 11.4], "texture": "#0"},
				"south": {"uv": [2, 11, 2.18, 11.4], "texture": "#0"},
				"west": {"uv": [2, 11, 2.8, 11.4], "texture": "#0"},
				"up": {"uv": [2, 11, 2.18, 11.8], "texture": "#0"},
				"down": {"uv": [2, 11, 2.18, 11.8], "texture": "#0"}
			}
		},
		{
			"from": [7.5, 12.16478, -4.22625],
			"to": [8.5, 13.16478, -2.72625],
			"rotation": {"angle": 0, "axis": "y", "origin": [15.5, 19.16478, 0.27375]},
			"faces": {
				"north": {"uv": [2, 10, 2.4, 10.4], "texture": "#0"},
				"east": {"uv": [2, 10, 2.6, 10.4], "texture": "#0"},
				"south": {"uv": [2, 10, 2.4, 10.4], "texture": "#0"},
				"west": {"uv": [2, 10, 2.6, 10.4], "texture": "#0"},
				"up": {"uv": [2, 10, 2.4, 10.6], "texture": "#0"},
				"down": {"uv": [2, 10, 2.6, 10.4], "texture": "#0"}
			}
		},
		{
			"from": [6.5, 11.66478, -15.22625],
			"to": [9.5, 13.66478, -4.22625],
			"rotation": {"angle": 0, "axis": "y", "origin": [15.5, 19.16478, -1.72625]},
			"faces": {
				"north": {"uv": [10, 2, 11.2, 2.8], "rotation": 90, "texture": "#0"},
				"east": {"uv": [10, 2, 10.8, 6.4], "rotation": 90, "texture": "#0"},
				"south": {"uv": [10, 2, 10.8, 3.2], "rotation": 90, "texture": "#0"},
				"west": {"uv": [10, 2, 10.8, 6.4], "rotation": 90, "texture": "#0"},
				"up": {"uv": [10, 2, 14.4, 3.2], "rotation": 90, "texture": "#0"},
				"down": {"uv": [10, 2, 14.4, 3.2], "rotation": 90, "texture": "#0"}
			}
		},
		{
			"from": [7, 11.16478, -15.22625],
			"to": [9, 14.16478, -4.22625],
			"rotation": {"angle": 0, "axis": "y", "origin": [15.5, 19.16478, -1.72625]},
			"faces": {
				"north": {"uv": [10, 2, 11.2, 2.8], "rotation": 90, "texture": "#0"},
				"east": {"uv": [10, 2, 11.2, 6.4], "rotation": 90, "texture": "#0"},
				"south": {"uv": [10, 2, 11.2, 2.8], "rotation": 90, "texture": "#0"},
				"west": {"uv": [10, 2, 11.2, 6.4], "rotation": 90, "texture": "#0"},
				"up": {"uv": [10, 2, 14.4, 2.8], "rotation": 90, "texture": "#0"},
				"down": {"uv": [10, 2, 14.4, 2.8], "rotation": 90, "texture": "#0"}
			}
		},
		{
			"from": [7.4, 12.06478, -15.25125],
			"to": [8.6, 13.26478, -15.22625],
			"rotation": {"angle": 0, "axis": "y", "origin": [15.5, 19.16478, -1.72625]},
			"faces": {
				"north": {"uv": [15.4, 8.2, 15.8, 8.6], "rotation": 90, "texture": "#0"},
				"east": {"uv": [15.4, 8.2, 15.8, 8.6], "rotation": 90, "texture": "#0"},
				"south": {"uv": [15.4, 8.2, 15.8, 8.6], "rotation": 90, "texture": "#0"},
				"west": {"uv": [15.4, 8.2, 15.8, 8.6], "rotation": 90, "texture": "#0"},
				"up": {"uv": [15.4, 8.2, 15.8, 8.6], "rotation": 90, "texture": "#0"},
				"down": {"uv": [15.4, 8.2, 15.8, 8.6], "rotation": 90, "texture": "#0"}
			}
		},
		{
			"from": [6.5, 11.16478, -2.22625],
			"to": [9.5, 14.16478, 16.77375],
			"rotation": {"angle": 0, "axis": "y", "origin": [15.5, 19.16478, 20.77375]},
			"faces": {
				"north": {"uv": [8, 2, 9.2, 3.2], "texture": "#0"},
				"east": {"uv": [8, 2, 15.6, 3.2], "texture": "#0"},
				"south": {"uv": [8, 2, 9.2, 3.2], "texture": "#0"},
				"west": {"uv": [8, 2, 15.6, 3.2], "texture": "#0"},
				"up": {"uv": [8, 0, 9.2, 7.6], "texture": "#0"},
				"down": {"uv": [9, 0, 10.2, 7.6], "texture": "#0"}
			}
		},
		{
			"from": [6.5, 11.16478, 16.77375],
			"to": [9.5, 13.16478, 18.27375],
			"rotation": {"angle": 0, "axis": "y", "origin": [15.5, 19.16478, 20.77375]},
			"faces": {
				"north": {"uv": [2, 2, 3.2, 2.8], "texture": "#0"},
				"east": {"uv": [2, 2, 2.6, 2.8], "texture": "#0"},
				"south": {"uv": [2, 2, 3.2, 2.8], "texture": "#0"},
				"west": {"uv": [2, 2, 2.6, 2.8], "texture": "#0"},
				"up": {"uv": [2, 2, 3.2, 2.6], "texture": "#0"},
				"down": {"uv": [2, 2, 3.2, 2.6], "texture": "#0"}
			}
		},
		{
			"from": [7, 14.16478, -0.22625],
			"to": [9, 14.41478, 13.77375],
			"rotation": {"angle": 0, "axis": "y", "origin": [15.5, 22.16478, 20.77375]},
			"faces": {
				"north": {"uv": [1, 3, 1.8, 3.1], "texture": "#0"},
				"east": {"uv": [1, 3, 6.6, 3.1], "texture": "#0"},
				"south": {"uv": [1, 3, 1.8, 3.1], "texture": "#0"},
				"west": {"uv": [1, 3, 6.6, 3.1], "texture": "#0"},
				"up": {"uv": [1, 2, 1.8, 7.6], "texture": "#0"},
				"down": {"uv": [1, 2, 1.8, 7.6], "texture": "#0"}
			}
		},
		{
			"from": [6.75, 14.16478, 0.27375],
			"to": [9.25, 14.66478, 1.27375],
			"rotation": {"angle": 0, "axis": "y", "origin": [15.5, 22.16478, 20.27375]},
			"faces": {
				"north": {"uv": [11, 2, 12, 2.4], "texture": "#0"},
				"east": {"uv": [11, 2, 12, 2.4], "texture": "#0"},
				"south": {"uv": [11, 2, 12, 2.4], "texture": "#0"},
				"west": {"uv": [11, 2, 12, 2.4], "texture": "#0"},
				"up": {"uv": [11, 2, 12, 2.4], "texture": "#0"},
				"down": {"uv": [11, 2, 12, 2.4], "texture": "#0"}
			}
		},
		{
			"from": [6.75, 14.16478, 3.27375],
			"to": [9.25, 14.66478, 4.27375],
			"rotation": {"angle": 0, "axis": "y", "origin": [15.5, 22.16478, 23.27375]},
			"faces": {
				"north": {"uv": [11, 2, 12, 2.4], "texture": "#0"},
				"east": {"uv": [11, 2, 12, 2.4], "texture": "#0"},
				"south": {"uv": [11, 2, 12, 2.4], "texture": "#0"},
				"west": {"uv": [11, 2, 12, 2.4], "texture": "#0"},
				"up": {"uv": [11, 2, 12, 2.4], "texture": "#0"},
				"down": {"uv": [11, 2, 12, 2.4], "texture": "#0"}
			}
		},
		{
			"from": [6.75, 14.16478, 6.27375],
			"to": [9.25, 14.66478, 7.27375],
			"rotation": {"angle": 0, "axis": "y", "origin": [15.5, 22.16478, 26.27375]},
			"faces": {
				"north": {"uv": [11, 2, 12, 2.4], "texture": "#0"},
				"east": {"uv": [11, 2, 12, 2.4], "texture": "#0"},
				"south": {"uv": [11, 2, 12, 2.4], "texture": "#0"},
				"west": {"uv": [11, 2, 12, 2.4], "texture": "#0"},
				"up": {"uv": [11, 2, 12, 2.4], "texture": "#0"},
				"down": {"uv": [11, 2, 12, 2.4], "texture": "#0"}
			}
		},
		{
			"from": [6.75, 14.16478, 9.27375],
			"to": [9.25, 14.66478, 10.27375],
			"rotation": {"angle": 0, "axis": "y", "origin": [15.5, 22.16478, 29.27375]},
			"faces": {
				"north": {"uv": [11, 2, 12, 2.4], "texture": "#0"},
				"east": {"uv": [11, 2, 12, 2.4], "texture": "#0"},
				"south": {"uv": [11, 2, 12, 2.4], "texture": "#0"},
				"west": {"uv": [11, 2, 12, 2.4], "texture": "#0"},
				"up": {"uv": [11, 2, 12, 2.4], "texture": "#0"},
				"down": {"uv": [11, 2, 12, 2.4], "texture": "#0"}
			}
		},
		{
			"from": [6.75, 14.16478, 1.77375],
			"to": [9.25, 14.66478, 2.77375],
			"rotation": {"angle": 0, "axis": "y", "origin": [15.5, 22.16478, 21.77375]},
			"faces": {
				"north": {"uv": [11, 2, 12, 2.4], "texture": "#0"},
				"east": {"uv": [11, 2, 12, 2.4], "texture": "#0"},
				"south": {"uv": [11, 2, 12, 2.4], "texture": "#0"},
				"west": {"uv": [11, 2, 12, 2.4], "texture": "#0"},
				"up": {"uv": [11, 2, 12, 2.4], "texture": "#0"},
				"down": {"uv": [11, 2, 12, 2.4], "texture": "#0"}
			}
		},
		{
			"from": [6.75, 14.16478, 4.77375],
			"to": [9.25, 14.66478, 5.77375],
			"rotation": {"angle": 0, "axis": "y", "origin": [15.5, 22.16478, 24.77375]},
			"faces": {
				"north": {"uv": [11, 2, 12, 2.4], "texture": "#0"},
				"east": {"uv": [11, 2, 12, 2.4], "texture": "#0"},
				"south": {"uv": [11, 2, 12, 2.4], "texture": "#0"},
				"west": {"uv": [11, 2, 12, 2.4], "texture": "#0"},
				"up": {"uv": [11, 2, 12, 2.4], "texture": "#0"},
				"down": {"uv": [11, 2, 12, 2.4], "texture": "#0"}
			}
		},
		{
			"from": [6.75, 14.16478, 7.77375],
			"to": [9.25, 14.66478, 8.77375],
			"rotation": {"angle": 0, "axis": "y", "origin": [15.5, 22.16478, 27.77375]},
			"faces": {
				"north": {"uv": [11, 2, 12, 2.4], "texture": "#0"},
				"east": {"uv": [11, 2, 12, 2.4], "texture": "#0"},
				"south": {"uv": [11, 2, 12, 2.4], "texture": "#0"},
				"west": {"uv": [11, 2, 12, 2.4], "texture": "#0"},
				"up": {"uv": [11, 2, 12, 2.4], "texture": "#0"},
				"down": {"uv": [11, 2, 12, 2.4], "texture": "#0"}
			}
		},
		{
			"from": [6.75, 14.16478, 10.77375],
			"to": [9.25, 14.66478, 11.77375],
			"rotation": {"angle": 0, "axis": "y", "origin": [15.5, 22.16478, 30.77375]},
			"faces": {
				"north": {"uv": [11, 2, 12, 2.4], "texture": "#0"},
				"east": {"uv": [11, 2, 12, 2.4], "texture": "#0"},
				"south": {"uv": [11, 2, 12, 2.4], "texture": "#0"},
				"west": {"uv": [11, 2, 12, 2.4], "texture": "#0"},
				"up": {"uv": [11, 2, 12, 2.4], "texture": "#0"},
				"down": {"uv": [11, 2, 12, 2.4], "texture": "#0"}
			}
		},
		{
			"from": [6.75, 14.16478, 12.27375],
			"to": [9.25, 14.66478, 13.27375],
			"rotation": {"angle": 0, "axis": "y", "origin": [15.5, 22.16478, 32.27375]},
			"faces": {
				"north": {"uv": [11, 2, 12, 2.4], "texture": "#0"},
				"east": {"uv": [11, 2, 12, 2.4], "texture": "#0"},
				"south": {"uv": [11, 2, 12, 2.4], "texture": "#0"},
				"west": {"uv": [11, 2, 12, 2.4], "texture": "#0"},
				"up": {"uv": [11, 2, 12, 2.4], "texture": "#0"},
				"down": {"uv": [11, 2, 12, 2.4], "texture": "#0"}
			}
		},
		{
			"from": [6.75, 14.16478, 13.77375],
			"to": [9.25, 14.66478, 15.27375],
			"rotation": {"angle": 0, "axis": "y", "origin": [15.5, 22.16478, 34.27375]},
			"faces": {
				"north": {"uv": [11, 2, 12, 2.6], "texture": "#0"},
				"east": {"uv": [11, 2, 12, 2.6], "texture": "#0"},
				"south": {"uv": [11, 2, 12, 2.6], "texture": "#0"},
				"west": {"uv": [11, 2, 12, 2.6], "texture": "#0"},
				"up": {"uv": [11, 2, 12, 2.6], "texture": "#0"},
				"down": {"uv": [11, 2, 12, 2.6], "texture": "#0"}
			}
		},
		{
			"from": [6.25, 10.69552, -2.92177],
			"to": [9.75, 12.67052, 1.07823],
			"rotation": {"angle": 0, "axis": "y", "origin": [15.75, 18.69552, 8.07823]},
			"faces": {
				"north": {"uv": [10, 3, 11.4, 3.79], "texture": "#0"},
				"east": {"uv": [10, 3, 11.6, 3.79], "texture": "#0"},
				"south": {"uv": [10, 3, 11.4, 3.79], "texture": "#0"},
				"west": {"uv": [10, 3, 11.6, 3.79], "texture": "#0"},
				"up": {"uv": [10, 3, 11.4, 4.6], "texture": "#0"},
				"down": {"uv": [10, 3, 11.4, 4.6], "texture": "#0"}
			}
		},
		{
			"from": [6.275, 14.04328, -2.1564],
			"to": [9.725, 14.51828, -1.1564],
			"rotation": {"angle": 0, "axis": "y", "origin": [15.75, 20.54328, 8.8436]},
			"faces": {
				"north": {"uv": [2, 4, 3.38, 4.19], "texture": "#0"},
				"east": {"uv": [2, 4, 2.4, 4.19], "texture": "#0"},
				"south": {"uv": [2, 4, 3.38, 4.19], "texture": "#0"},
				"west": {"uv": [2, 4, 2.4, 4.19], "texture": "#0"},
				"up": {"uv": [2, 4, 3.38, 4.4], "texture": "#0"},
				"down": {"uv": [2, 4, 3.38, 4.4], "texture": "#0"}
			}
		},
		{
			"from": [7.75, 14.51828, -2.1564],
			"to": [8.25, 14.99328, -1.1564],
			"rotation": {"angle": 0, "axis": "y", "origin": [15.75, 21.01828, 8.8436]},
			"faces": {
				"north": {"uv": [2, 2, 2.2, 2.19], "texture": "#0"},
				"east": {"uv": [2, 2, 2.4, 2.19], "texture": "#0"},
				"south": {"uv": [1, 10, 1.2, 10.19], "texture": "#0"},
				"west": {"uv": [2, 2, 2.4, 2.19], "texture": "#0"},
				"up": {"uv": [2, 2, 2.2, 2.4], "texture": "#0"},
				"down": {"uv": [2, 2, 2.2, 2.4], "texture": "#0"}
			}
		},
		{
			"from": [7.25, 14.51828, 13.9436],
			"to": [7.75, 15.24328, 15.0936],
			"rotation": {"angle": 0, "axis": "y", "origin": [15.25, 21.01828, 25.0936]},
			"faces": {
				"north": {"uv": [2, 2, 2.2, 2.29], "texture": "#0"},
				"east": {"uv": [2, 2, 2.46, 2.29], "texture": "#0"},
				"south": {"uv": [1, 10, 1.2, 10.29], "texture": "#0"},
				"west": {"uv": [2, 2, 2.46, 2.29], "texture": "#0"},
				"up": {"uv": [2, 2, 2.2, 2.46], "texture": "#0"},
				"down": {"uv": [2, 2, 2.2, 2.46], "texture": "#0"}
			}
		},
		{
			"from": [8.25, 14.51828, 13.9436],
			"to": [8.75, 15.24328, 15.0936],
			"rotation": {"angle": 0, "axis": "y", "origin": [16.25, 21.01828, 25.0936]},
			"faces": {
				"north": {"uv": [2, 2, 2.2, 2.29], "texture": "#0"},
				"east": {"uv": [2, 2, 2.46, 2.29], "texture": "#0"},
				"south": {"uv": [1, 10, 1.2, 10.29], "texture": "#0"},
				"west": {"uv": [2, 2, 2.46, 2.29], "texture": "#0"},
				"up": {"uv": [2, 2, 2.2, 2.46], "texture": "#0"},
				"down": {"uv": [2, 2, 2.2, 2.46], "texture": "#0"}
			}
		},
		{
			"from": [6.5, 11.06982, 6.65569],
			"to": [9.5, 13.06982, 10.65569],
			"rotation": {"angle": -22.5, "axis": "x", "origin": [15.5, 17.06982, 17.65569]},
			"faces": {
				"north": {"uv": [10, 2, 11.2, 2.8], "texture": "#0"},
				"east": {"uv": [10, 2, 11.6, 2.8], "texture": "#0"},
				"south": {"uv": [10, 2, 11.2, 2.8], "texture": "#0"},
				"west": {"uv": [10, 2, 11.6, 2.8], "texture": "#0"},
				"up": {"uv": [10, 2, 11.2, 3.6], "texture": "#0"},
				"down": {"uv": [10, 2, 11.2, 3.6], "texture": "#0"}
			}
		}
	],
	"display": {
		"thirdperson_righthand": {
			"translation": [-0.75, 0, -1.25],
			"scale": [0, 0, 0]
		},
		"thirdperson_lefthand": {
			"translation": [-0.75, 0, -1.25],
			"scale": [0, 0, 0]
		},
		"firstperson_righthand": {
			"rotation": [0, 0, 8],
			"translation": [-1.75, 0, 0],
			"scale": [0.7, 0.7, 0.7]
		},
		"firstperson_lefthand": {
			"rotation": [0, 0, 8],
			"translation": [-1.75, 0, 0],
			"scale": [0.7, 0.7, 0.7]
		},
		"ground": {
			"translation": [0, 4, 0],
			"scale": [0.4, 0.4, 0.4]
		},
		"gui": {
			"rotation": [28, 146, 0],
			"translation": [0, -1.25, 0],
			"scale": [0.5, 0.5, 0.5]
		}
	},
	"groups": [
		{
			"name": "1",
			"origin": [15.5, 21.53978, 38.77375],
			"children": [0, 1]
		},
		{
			"name": "2",
			"origin": [15.5, 2.84776, 20.48463],
			"children": [2]
		}, 3, 4, 5, 6, 7, 8, 9, 10, 11, 12, 13, 14, 15, 16, 17, 18, 19, 20, 21, 22, 23, 24, 25, 26, 27, 28, 29, 30, 31, 32, 33, 34, 35, 36, 37, 38, 39, 40, 41, 42, 43, 44, 45, 46, 47, 48, 49, 50]
}