{
  "parent": "item/generated",
  "textures": {
    "layer0": "modularwarfare:items/guns/prototype.revolver"
  },
  "display": {
    "thirdperson_righthand": {
    "translation": [-0.5, 0, -0.75],
    "scale": [0, 0, 0]
    },
    "thirdperson_lefthand": {
    "translation": [-0.5, 0, -0.75],
    "scale": [0, 0, 0]
    },
    "firstperson_righthand": {
    "rotation": [0, 0, 9],
    "translation": [-3.5, 0, 0],
    "scale": [0.7, 0.7, 0.7]
    },
    "firstperson_lefthand": {
    "rotation": [0, 0, 9],
    "translation": [-3.5, 0, 0],
    "scale": [0.7, 0.7, 0.7]
    },
    "ground": {
    "rotation": [0, 0, 90],
    "translation": [0, 4, 0],
    "scale": [0.4, 0.4, 0.4]
    },
    "gui": {
    "rotation": [27, 144, 0],
    "translation": [0.25, -0.5, 0]
    }
  }
}