{
	"credit": "By NZ in Blockbench",
	"texture_size": [32, 32],
	"textures": {
		"0": "modularwarfare:items/guns/prototype.fnx45",
		"particle": "modularwarfare:items/guns/prototype.fnx45"
	},
	"elements": [
		{
			"from": [7.5, 1.03492, 6.28575],
			"to": [8.5, 2.65992, 8.43575],
			"rotation": {"angle": 0, "axis": "y", "origin": [8.2, 9.55992, 9.18575]},
			"faces": {
				"north": {"uv": [2, 11, 2.5, 11.8125], "texture": "#0"},
				"east": {"uv": [2, 11, 3.075, 11.8125], "texture": "#0"},
				"south": {"uv": [2, 11, 2.5, 11.8125], "texture": "#0"},
				"west": {"uv": [2, 11, 3.075, 11.8125], "texture": "#0"},
				"up": {"uv": [15, 8, 15.5, 8.5], "texture": "#0"},
				"down": {"uv": [2, 11, 2.5, 12.075], "texture": "#0"}
			}
		},
		{
			"from": [7.5, 2.65992, 6.28575],
			"to": [7.7, 2.95992, 8.43575],
			"rotation": {"angle": 0, "axis": "y", "origin": [8.2, 9.55992, 9.18575]},
			"faces": {
				"north": {"uv": [2, 11, 2.1, 11.15], "texture": "#0"},
				"east": {"uv": [2, 11, 3.075, 11.15], "texture": "#0"},
				"south": {"uv": [2, 11, 2.1, 11.15], "texture": "#0"},
				"west": {"uv": [2, 11, 3.075, 11.15], "texture": "#0"},
				"up": {"uv": [2, 11, 2.1, 12.075], "texture": "#0"},
				"down": {"uv": [2, 11, 2.1, 12.075], "texture": "#0"}
			}
		},
		{
			"from": [8.3, 2.65992, 6.28575],
			"to": [8.5, 2.95992, 8.43575],
			"rotation": {"angle": 0, "axis": "y", "origin": [8.2, 9.55992, 9.18575]},
			"faces": {
				"north": {"uv": [2, 11, 2.1, 11.15], "texture": "#0"},
				"east": {"uv": [2, 11, 3.075, 11.15], "texture": "#0"},
				"south": {"uv": [2, 11, 2.1, 11.15], "texture": "#0"},
				"west": {"uv": [2, 11, 3.075, 11.15], "texture": "#0"},
				"up": {"uv": [2, 11, 2.1, 12.075], "texture": "#0"},
				"down": {"uv": [2, 11, 2.1, 12.075], "texture": "#0"}
			}
		},
		{
			"from": [7.5, -2.67135, 8.96485],
			"to": [8.5, 0.20365, 11.11485],
			"rotation": {"angle": 22.5, "axis": "x", "origin": [8.2, 7.35365, 11.86485]},
			"faces": {
				"north": {"uv": [2, 11, 2.5, 12.4375], "texture": "#0"},
				"east": {"uv": [2, 11, 3.075, 12.4375], "texture": "#0"},
				"south": {"uv": [2, 11, 2.5, 12.4375], "texture": "#0"},
				"west": {"uv": [2, 11, 3.075, 12.4375], "texture": "#0"},
				"up": {"uv": [2, 11, 2.5, 12.075], "texture": "#0"},
				"down": {"uv": [2, 11, 2.5, 12.075], "texture": "#0"}
			}
		},
		{
			"from": [7.4, -2.17261, 9.26433],
			"to": [8.6, 0.20239, 9.61433],
			"rotation": {"angle": 22.5, "axis": "x", "origin": [8.2, 7.60239, 11.26433]},
			"faces": {
				"north": {"uv": [6, 12, 6.6, 13.1875], "texture": "#0"},
				"east": {"uv": [6, 12, 6.175, 13.1875], "texture": "#0"},
				"south": {"uv": [6, 12, 6.6, 13.1875], "texture": "#0"},
				"west": {"uv": [6, 12, 6.175, 13.1875], "texture": "#0"},
				"up": {"uv": [6, 12, 6.6, 12.175], "texture": "#0"},
				"down": {"uv": [6, 12, 6.6, 12.175], "texture": "#0"}
			}
		},
		{
			"from": [7.4, -2.42135, 9.86485],
			"to": [8.6, -0.04635, 10.21485],
			"rotation": {"angle": 22.5, "axis": "x", "origin": [8.2, 7.35365, 11.86485]},
			"faces": {
				"north": {"uv": [6, 12, 6.6, 13.1875], "texture": "#0"},
				"east": {"uv": [6, 12, 6.175, 13.1875], "texture": "#0"},
				"south": {"uv": [6, 12, 6.6, 13.1875], "texture": "#0"},
				"west": {"uv": [6, 12, 6.175, 13.1875], "texture": "#0"},
				"up": {"uv": [6, 12, 6.6, 12.175], "texture": "#0"},
				"down": {"uv": [6, 12, 6.6, 12.175], "texture": "#0"}
			}
		},
		{
			"from": [7.4, -2.67009, 10.46537],
			"to": [8.6, -0.29509, 10.81537],
			"rotation": {"angle": 22.5, "axis": "x", "origin": [8.2, 7.10491, 12.46537]},
			"faces": {
				"north": {"uv": [6, 12, 6.6, 13.1875], "texture": "#0"},
				"east": {"uv": [6, 12, 6.175, 13.1875], "texture": "#0"},
				"south": {"uv": [6, 12, 6.6, 13.1875], "texture": "#0"},
				"west": {"uv": [6, 12, 6.175, 13.1875], "texture": "#0"},
				"up": {"uv": [6, 12, 6.6, 12.175], "texture": "#0"},
				"down": {"uv": [6, 12, 6.6, 12.175], "texture": "#0"}
			}
		},
		{
			"from": [7.4, 0.89963, 7.75911],
			"to": [8.6, 2.42463, 8.10911],
			"rotation": {"angle": 0, "axis": "y", "origin": [8.2, 10.67463, 9.75911]},
			"faces": {
				"north": {"uv": [6, 12, 6.6, 12.7625], "texture": "#0"},
				"east": {"uv": [6, 12, 6.175, 12.7625], "texture": "#0"},
				"south": {"uv": [6, 12, 6.6, 12.7625], "texture": "#0"},
				"west": {"uv": [6, 12, 6.175, 12.7625], "texture": "#0"},
				"up": {"uv": [6, 12, 6.6, 12.175], "texture": "#0"},
				"down": {"uv": [6, 12, 6.6, 12.175], "texture": "#0"}
			}
		},
		{
			"from": [7.4, 1.14837, 7.15859],
			"to": [8.6, 2.42337, 7.50859],
			"rotation": {"angle": 0, "axis": "y", "origin": [8.2, 10.92337, 9.15859]},
			"faces": {
				"north": {"uv": [6, 12, 6.6, 12.6375], "texture": "#0"},
				"east": {"uv": [6, 12, 6.175, 12.6375], "texture": "#0"},
				"south": {"uv": [6, 12, 6.6, 12.6375], "texture": "#0"},
				"west": {"uv": [6, 12, 6.175, 12.6375], "texture": "#0"},
				"up": {"uv": [6, 12, 6.6, 12.175], "texture": "#0"},
				"down": {"uv": [6, 12, 6.6, 12.175], "texture": "#0"}
			}
		},
		{
			"from": [7.4, 1.39711, 6.55807],
			"to": [8.6, 2.42211, 6.90807],
			"rotation": {"angle": 0, "axis": "y", "origin": [8.2, 11.17211, 8.55807]},
			"faces": {
				"north": {"uv": [6, 12, 6.6, 12.5125], "texture": "#0"},
				"east": {"uv": [6, 12, 6.175, 12.5125], "texture": "#0"},
				"south": {"uv": [6, 12, 6.6, 12.5125], "texture": "#0"},
				"west": {"uv": [6, 12, 6.175, 12.5125], "texture": "#0"},
				"up": {"uv": [6, 12, 6.6, 12.175], "texture": "#0"},
				"down": {"uv": [6, 12, 6.6, 12.175], "texture": "#0"}
			}
		}
	],
	"display": {
		"thirdperson_righthand": {
			"rotation": [16, 0, 0],
			"translation": [-1, 6.75, 2.5],
			"scale": [0.85, 0.85, 0.85]
		},
		"thirdperson_lefthand": {
			"translation": [-1.25, 6.5, 1],
			"scale": [0.85, 0.85, 0.85]
		},
		"firstperson_righthand": {
			"rotation": [-11, 2, 13],
			"translation": [-1.25, 9.75, 1.5]
		},
		"firstperson_lefthand": {
			"rotation": [0, 0, 13],
			"translation": [-0.5, 8.25, 1.5]
		},
		"ground": {
			"rotation": [0, 0, 90],
			"translation": [-6.75, 4, 0]
		},
		"gui": {
			"rotation": [30, 133, 0],
			"translation": [2, 15, 0],
			"scale": [2.3, 2.3, 2.32]
		}
	},
	"groups": [
		{
			"name": "2",
			"origin": [8.2, 11.17211, 8.55807],
			"children": [0, 1, 2, 3, 4, 5, 6, 7, 8, 9]
		}
	]
}