{
	"credit": "By NZ in Blockbench",
	"texture_size": [32, 32],
	"textures": {
		"0": "modularwarfare:items/guns/prototype.fnx45",
		"particle": "modularwarfare:items/guns/prototype.fnx45"
	},
	"elements": [
		{
			"from": [7.5, 5.94072, 11.26216],
			"to": [8.5, 6.94072, 17.46216],
			"rotation": {"angle": 0, "axis": "x", "origin": [13.75, 18.44072, 6.46216]},
			"faces": {
				"north": {"uv": [2, 11, 2.5, 11.5], "texture": "#0"},
				"east": {"uv": [2, 11, 4.5, 11.5], "texture": "#0"},
				"south": {"uv": [2, 11, 2.5, 11.5], "texture": "#0"},
				"west": {"uv": [2, 11, 4.5, 11.5], "texture": "#0"},
				"up": {"uv": [2, 11, 2.5, 13.5], "texture": "#0"},
				"down": {"uv": [2, 11, 2.5, 13.5], "texture": "#0"}
			}
		},
		{
			"from": [12.42511, 2.92356, 16.71216],
			"to": [14.42511, 3.42356, 17.21216],
			"rotation": {"angle": -22.5, "axis": "z", "origin": [18.67511, 15.17356, 6.46216]},
			"faces": {
				"north": {"uv": [2, 10, 3, 10.25], "texture": "#0"},
				"east": {"uv": [2, 10, 2.25, 10.25], "texture": "#0"},
				"south": {"uv": [2, 10, 3, 10.25], "texture": "#0"},
				"west": {"uv": [2, 10, 2.25, 10.25], "texture": "#0"},
				"up": {"uv": [2, 10, 3, 10.25], "texture": "#0"},
				"down": {"uv": [2, 10, 3, 10.25], "texture": "#0"}
			}
		},
		{
			"from": [14.42511, 2.82356, 16.46216],
			"to": [15.17511, 3.32356, 17.46216],
			"rotation": {"angle": -22.5, "axis": "z", "origin": [18.67511, 15.17356, 6.46216]},
			"faces": {
				"north": {"uv": [3, 11, 3.25, 11.5], "rotation": 90, "texture": "#0"},
				"east": {"uv": [3, 11, 3.25, 11.5], "rotation": 90, "texture": "#0"},
				"south": {"uv": [3, 11, 3.25, 11.5], "rotation": 90, "texture": "#0"},
				"west": {"uv": [3, 11, 3.25, 11.5], "rotation": 90, "texture": "#0"},
				"up": {"uv": [3, 11, 3.25, 11.5], "rotation": 90, "texture": "#0"},
				"down": {"uv": [3, 11, 3.25, 11.5], "rotation": 90, "texture": "#0"}
			}
		},
		{
			"from": [7.5, 2.69072, 11.26216],
			"to": [8.5, 4.69072, 14.26216],
			"rotation": {"angle": 0, "axis": "x", "origin": [14, 14.19072, 3.26216]},
			"faces": {
				"north": {"uv": [1, 10, 2, 10.5], "rotation": 270, "texture": "#0"},
				"east": {"uv": [1, 10, 2, 11.5], "rotation": 270, "texture": "#0"},
				"south": {"uv": [1, 10, 2, 10.5], "rotation": 270, "texture": "#0"},
				"west": {"uv": [1, 10, 2, 11.5], "rotation": 270, "texture": "#0"},
				"up": {"uv": [1, 10, 2.5, 10.5], "rotation": 270, "texture": "#0"},
				"down": {"uv": [1, 10, 2.5, 10.5], "rotation": 270, "texture": "#0"}
			}
		},
		{
			"from": [7, 0.75, 31],
			"to": [9, 6, 32],
			"rotation": {"angle": 0, "axis": "y", "origin": [15, 10, 39]},
			"faces": {
				"north": {"uv": [10, 2, 11, 4.625], "texture": "#0"},
				"east": {"uv": [10, 2, 10.5, 4.625], "texture": "#0"},
				"south": {"uv": [10, 2, 11, 4.625], "texture": "#0"},
				"west": {"uv": [10, 2, 10.5, 4.625], "texture": "#0"},
				"up": {"uv": [10, 2, 11, 2.5], "texture": "#0"},
				"down": {"uv": [10, 2, 11, 2.5], "texture": "#0"}
			}
		},
		{
			"from": [7, 0.75, 29],
			"to": [9, 6, 31],
			"rotation": {"angle": 0, "axis": "y", "origin": [15, 10, 38]},
			"faces": {
				"north": {"uv": [2, 2, 3, 4.625], "texture": "#0"},
				"east": {"uv": [2, 3, 3, 5.625], "texture": "#0"},
				"south": {"uv": [2, 2, 3, 4.625], "texture": "#0"},
				"west": {"uv": [2, 2, 3, 4.625], "texture": "#0"},
				"up": {"uv": [2, 2, 3, 4.625], "texture": "#0"},
				"down": {"uv": [2, 2, 3, 3], "texture": "#0"}
			}
		},
		{
			"from": [7, 2.5, 22],
			"to": [9, 5, 29],
			"rotation": {"angle": 0, "axis": "y", "origin": [15, 10, 36]},
			"faces": {
				"north": {"uv": [1, 3, 2, 4.25], "texture": "#0"},
				"east": {"uv": [1, 2, 4.5, 3.25], "texture": "#0"},
				"south": {"uv": [1, 3, 2, 4.25], "texture": "#0"},
				"west": {"uv": [1, 3, 4.5, 4.25], "texture": "#0"},
				"up": {"uv": [1, 3, 2, 6.5], "texture": "#0"},
				"down": {"uv": [1, 3, 2, 6.5], "texture": "#0"}
			}
		},
		{
			"from": [7, 1.25, 26],
			"to": [9, 2.5, 29],
			"rotation": {"angle": 0, "axis": "y", "origin": [15, 10, 36]},
			"faces": {
				"north": {"uv": [2, 3, 3, 3.625], "texture": "#0"},
				"east": {"uv": [2, 3, 3.5, 3.625], "texture": "#0"},
				"south": {"uv": [2, 3, 3, 3.625], "texture": "#0"},
				"west": {"uv": [2, 3, 3.5, 3.625], "texture": "#0"},
				"up": {"uv": [2, 3, 3.5, 3.625], "texture": "#0"},
				"down": {"uv": [2, 3, 3, 4.5], "texture": "#0"}
			}
		},
		{
			"from": [7, 1.46447, 18.79289],
			"to": [9, 2.96447, 21.29289],
			"rotation": {"angle": 0, "axis": "y", "origin": [15, 8.96447, 28.29289]},
			"faces": {
				"north": {"uv": [0, 0, 2, 1.5], "texture": "#missing"},
				"east": {"uv": [2, 2, 2.75, 3], "rotation": 270, "texture": "#0"},
				"south": {"uv": [3, 2, 4, 2.75], "texture": "#0"},
				"west": {"uv": [2, 2, 2.75, 3.25], "rotation": 270, "texture": "#0"},
				"up": {"uv": [2, 2, 3, 3.25], "texture": "#0"},
				"down": {"uv": [10, 3, 11, 4.25], "texture": "#0"}
			}
		},
		{
			"from": [6.95, 4.5, 21.5],
			"to": [9.025, 5.25, 22.25],
			"rotation": {"angle": 0, "axis": "y", "origin": [15, 10.25, 35.5]},
			"faces": {
				"north": {"uv": [10, 3, 11.0375, 3.375], "texture": "#0"},
				"east": {"uv": [10, 3, 10.375, 3.375], "texture": "#0"},
				"south": {"uv": [10, 3, 11.0375, 3.375], "texture": "#0"},
				"west": {"uv": [10, 3, 10.375, 3.375], "texture": "#0"},
				"up": {"uv": [10, 3, 11.0375, 3.375], "texture": "#0"},
				"down": {"uv": [10, 3, 11.0375, 3.375], "texture": "#0"}
			}
		},
		{
			"from": [7.025, 7.89949, 12.82843],
			"to": [8.975, 9.89949, 15.82843],
			"rotation": {"angle": -45, "axis": "x", "origin": [14, 14.89949, 24.82843]},
			"faces": {
				"north": {"uv": [3, 3, 4, 3.975], "rotation": 270, "texture": "#0"},
				"east": {"uv": [3, 3, 4, 4.5], "rotation": 270, "texture": "#0"},
				"south": {"uv": [3, 3, 4, 3.975], "rotation": 270, "texture": "#0"},
				"west": {"uv": [3, 3, 4, 4.5], "rotation": 270, "texture": "#0"},
				"up": {"uv": [3, 3, 4.5, 3.975], "rotation": 270, "texture": "#0"},
				"down": {"uv": [3, 3, 4.5, 3.975], "rotation": 270, "texture": "#0"}
			}
		},
		{
			"from": [7, 5.37158, 14.4353],
			"to": [9, 8.87158, 16.4353],
			"rotation": {"angle": -22.5, "axis": "x", "origin": [14, 14.37158, 26.4353]},
			"faces": {
				"north": {"uv": [3, 2, 4, 4], "texture": "#0"},
				"east": {"uv": [2, 2, 4, 3], "rotation": 270, "texture": "#0"},
				"south": {"uv": [3, 2, 4, 4], "texture": "#0"},
				"west": {"uv": [2, 2, 4, 3], "rotation": 270, "texture": "#0"},
				"up": {"uv": [2, 3, 3, 4], "texture": "#0"},
				"down": {"uv": [0, 0, 2, 2], "texture": "#missing"}
			}
		},
		{
			"from": [7, 6.1083, 21.62184],
			"to": [9, 7.8083, 23.62184],
			"rotation": {"angle": 22.5, "axis": "x", "origin": [14, 18.6083, 14.62184]},
			"faces": {
				"north": {"uv": [2, 2, 3.25, 3], "rotation": 270, "texture": "#0"},
				"east": {"uv": [1, 2, 2.25, 3], "rotation": 270, "texture": "#0"},
				"south": {"uv": [2, 2, 3.25, 3], "rotation": 270, "texture": "#0"},
				"west": {"uv": [1, 2, 2.25, 3], "rotation": 270, "texture": "#0"},
				"up": {"uv": [2, 2, 3.25, 3], "rotation": 270, "texture": "#0"},
				"down": {"uv": [2, 2, 3, 3], "rotation": 270, "texture": "#0"}
			}
		},
		{
			"from": [7, 4.19072, 14.26216],
			"to": [9, 5.94072, 17.26216],
			"rotation": {"angle": 0, "axis": "x", "origin": [14, 16.69072, 8.26216]},
			"faces": {
				"north": {"uv": [1, 2, 1.85, 3], "rotation": 270, "texture": "#0"},
				"east": {"uv": [1, 2, 1.85, 3.5], "rotation": 270, "texture": "#0"},
				"south": {"uv": [1, 2, 1.85, 3], "rotation": 270, "texture": "#0"},
				"west": {"uv": [1, 2, 1.85, 3.5], "rotation": 270, "texture": "#0"},
				"up": {"uv": [1, 2, 2.5, 3], "rotation": 270, "texture": "#0"},
				"down": {"uv": [1, 2, 2.5, 3], "rotation": 270, "texture": "#0"}
			}
		},
		{
			"from": [7, 5.94072, 13.96216],
			"to": [9, 7.14072, 16.56216],
			"rotation": {"angle": 0, "axis": "y", "origin": [14, 16.69072, 8.26216]},
			"faces": {
				"north": {"uv": [2, 3, 2.6, 4], "rotation": 270, "texture": "#0"},
				"east": {"uv": [2, 3, 2.6, 4.3], "rotation": 270, "texture": "#0"},
				"south": {"uv": [2, 3, 2.6, 4], "rotation": 270, "texture": "#0"},
				"west": {"uv": [2, 3, 2.6, 4.3], "rotation": 270, "texture": "#0"},
				"up": {"uv": [2, 3, 3.3, 4], "rotation": 270, "texture": "#0"},
				"down": {"uv": [2, 3, 3.3, 4], "rotation": 270, "texture": "#0"}
			}
		},
		{
			"from": [7, 5.94072, 11.56216],
			"to": [7.1, 6.94072, 13.96216],
			"rotation": {"angle": 0, "axis": "y", "origin": [14, 16.69072, 8.26216]},
			"faces": {
				"north": {"uv": [2, 3, 2.5, 3.05], "rotation": 270, "texture": "#0"},
				"east": {"uv": [2, 3, 2.5, 4.2], "rotation": 270, "texture": "#0"},
				"south": {"uv": [2, 3, 2.5, 3.05], "rotation": 270, "texture": "#0"},
				"west": {"uv": [2, 3, 2.5, 4.2], "rotation": 270, "texture": "#0"},
				"up": {"uv": [2, 3, 3.2, 3.05], "rotation": 270, "texture": "#0"},
				"down": {"uv": [2, 3, 3.2, 3.05], "rotation": 270, "texture": "#0"}
			}
		},
		{
			"from": [7, 5.94072, 9.96216],
			"to": [9, 7.14072, 11.56216],
			"rotation": {"angle": 0, "axis": "y", "origin": [14, 16.69072, 8.26216]},
			"faces": {
				"north": {"uv": [2, 3, 2.6, 4], "rotation": 270, "texture": "#0"},
				"east": {"uv": [2, 3, 2.6, 3.8], "rotation": 270, "texture": "#0"},
				"south": {"uv": [2, 3, 2.6, 4], "rotation": 270, "texture": "#0"},
				"west": {"uv": [2, 3, 2.6, 3.8], "rotation": 270, "texture": "#0"},
				"up": {"uv": [2, 3, 2.8, 4], "rotation": 270, "texture": "#0"},
				"down": {"uv": [2, 3, 2.8, 4], "rotation": 270, "texture": "#0"}
			}
		},
		{
			"from": [7, 6.94072, 11.56216],
			"to": [9, 7.14072, 13.96216],
			"rotation": {"angle": 0, "axis": "y", "origin": [14, 16.69072, 8.26216]},
			"faces": {
				"north": {"uv": [2, 3, 2.1, 4], "rotation": 270, "texture": "#0"},
				"east": {"uv": [2, 3, 2.1, 4.2], "rotation": 270, "texture": "#0"},
				"south": {"uv": [2, 3, 2.1, 4], "rotation": 270, "texture": "#0"},
				"west": {"uv": [2, 3, 2.1, 4.2], "rotation": 270, "texture": "#0"},
				"up": {"uv": [2, 3, 3.2, 4], "rotation": 270, "texture": "#0"},
				"down": {"uv": [2, 3, 3.2, 4], "rotation": 270, "texture": "#0"}
			}
		},
		{
			"from": [7.025, 4.19072, 17.36216],
			"to": [8.975, 5.89072, 19.36216],
			"rotation": {"angle": 0, "axis": "y", "origin": [14, 16.69072, 8.26216]},
			"faces": {
				"north": {"uv": [2, 4, 2.85, 4.975], "rotation": 270, "texture": "#0"},
				"east": {"uv": [2, 4, 2.85, 5], "rotation": 270, "texture": "#0"},
				"south": {"uv": [2, 4, 2.85, 4.975], "rotation": 270, "texture": "#0"},
				"west": {"uv": [2, 4, 2.85, 5], "rotation": 270, "texture": "#0"},
				"up": {"uv": [2, 4, 2.85, 5], "rotation": 270, "texture": "#0"},
				"down": {"uv": [2, 4, 3, 4.975], "rotation": 270, "texture": "#0"}
			}
		},
		{
			"from": [7.9, 3.44072, 16.26216],
			"to": [8.15, 4.19072, 16.51216],
			"rotation": {"angle": 0, "axis": "x", "origin": [14, 16.69072, 7.76216]},
			"faces": {
				"north": {"uv": [2, 11, 2.375, 11.125], "rotation": 270, "texture": "#0"},
				"east": {"uv": [2, 11, 2.375, 11.125], "rotation": 270, "texture": "#0"},
				"south": {"uv": [2, 11, 2.375, 11.125], "rotation": 270, "texture": "#0"},
				"west": {"uv": [2, 11, 2.375, 11.125], "rotation": 270, "texture": "#0"},
				"up": {"uv": [2, 11, 2.375, 11.125], "rotation": 270, "texture": "#0"},
				"down": {"uv": [2, 11, 2.375, 11.125], "rotation": 270, "texture": "#0"}
			}
		},
		{
			"from": [7.65, 3.19072, 16.76216],
			"to": [8.4, 4.19072, 17.01216],
			"rotation": {"angle": 0, "axis": "x", "origin": [14, 16.69072, 8.26216]},
			"faces": {
				"north": {"uv": [2, 10, 2.5, 10.125], "rotation": 270, "texture": "#0"},
				"east": {"uv": [2, 10, 2.5, 10.125], "rotation": 270, "texture": "#0"},
				"south": {"uv": [2, 10, 2.5, 10.125], "rotation": 270, "texture": "#0"},
				"west": {"uv": [2, 10, 2.5, 10.125], "rotation": 270, "texture": "#0"},
				"up": {"uv": [2, 10, 2.5, 10.125], "rotation": 270, "texture": "#0"},
				"down": {"uv": [2, 10, 2.5, 10.125], "rotation": 270, "texture": "#0"}
			}
		},
		{
			"from": [7.65, 3.52971, 14.51989],
			"to": [8.4, 4.27971, 14.76989],
			"rotation": {"angle": 0, "axis": "x", "origin": [14, 17.02971, 6.01989]},
			"faces": {
				"north": {"uv": [2, 10, 2.375, 10.125], "rotation": 270, "texture": "#0"},
				"east": {"uv": [2, 10, 2.375, 10.125], "rotation": 270, "texture": "#0"},
				"south": {"uv": [2, 10, 2.375, 10.125], "rotation": 270, "texture": "#0"},
				"west": {"uv": [2, 10, 2.375, 10.125], "rotation": 270, "texture": "#0"},
				"up": {"uv": [2, 10, 2.375, 10.125], "rotation": 270, "texture": "#0"},
				"down": {"uv": [2, 10, 2.375, 10.125], "rotation": 270, "texture": "#0"}
			}
		},
		{
			"from": [7.65, 2.99938, 15.05022],
			"to": [8.4, 3.24938, 16.55022],
			"rotation": {"angle": 0, "axis": "x", "origin": [14, 16.49938, 7.80022]},
			"faces": {
				"north": {"uv": [2, 10, 2.125, 10.75], "rotation": 270, "texture": "#0"},
				"east": {"uv": [2, 10, 2.125, 10.75], "rotation": 270, "texture": "#0"},
				"south": {"uv": [2, 10, 2.125, 10.75], "rotation": 270, "texture": "#0"},
				"west": {"uv": [2, 10, 2.125, 10.75], "rotation": 270, "texture": "#0"},
				"up": {"uv": [2, 10, 2.125, 10.75], "rotation": 270, "texture": "#0"},
				"down": {"uv": [2, 10, 2.125, 10.75], "rotation": 270, "texture": "#0"}
			}
		},
		{
			"from": [7.65, 1.03511, 10.6752],
			"to": [8.4, 1.28511, 11.1752],
			"rotation": {"angle": -22.5, "axis": "x", "origin": [14, 16.78511, 8.6752]},
			"faces": {
				"north": {"uv": [2, 10, 2.25, 10.125], "texture": "#0"},
				"east": {"uv": [2, 10, 2.25, 10.125], "texture": "#0"},
				"south": {"uv": [2, 10, 2.25, 10.125], "texture": "#0"},
				"west": {"uv": [2, 10, 2.25, 10.125], "texture": "#0"},
				"up": {"uv": [2, 10, 2.25, 10.125], "texture": "#0"},
				"down": {"uv": [2, 10, 2.25, 10.125], "texture": "#0"}
			}
		},
		{
			"from": [7.65, 0.15407, 26.16938],
			"to": [8.4, 0.40407, 26.91938],
			"rotation": {"angle": 45, "axis": "x", "origin": [14, 15.90407, 24.41938]},
			"faces": {
				"north": {"uv": [2, 10, 2.375, 10.125], "texture": "#0"},
				"east": {"uv": [2, 10, 2.375, 10.125], "texture": "#0"},
				"south": {"uv": [2, 10, 2.375, 10.125], "texture": "#0"},
				"west": {"uv": [2, 10, 2.375, 10.125], "texture": "#0"},
				"up": {"uv": [2, 10, 2.375, 10.125], "texture": "#0"},
				"down": {"uv": [2, 10, 2.375, 10.125], "texture": "#0"}
			}
		},
		{
			"from": [7, 4.19072, 10.26216],
			"to": [9, 5.94072, 14.26216],
			"rotation": {"angle": 0, "axis": "x", "origin": [14, 16.69072, 3.26216]},
			"faces": {
				"north": {"uv": [2, 2, 3.25, 3], "rotation": 270, "texture": "#0"},
				"east": {"uv": [2, 2, 3.25, 4], "rotation": 270, "texture": "#0"},
				"south": {"uv": [2, 2, 3.25, 3], "rotation": 270, "texture": "#0"},
				"west": {"uv": [4, 3, 5.25, 5], "rotation": 270, "texture": "#0"},
				"up": {"uv": [2, 2, 4, 3], "rotation": 270, "texture": "#0"},
				"down": {"uv": [2, 2, 4, 3], "rotation": 270, "texture": "#0"}
			}
		},
		{
			"from": [7.5, 7.09072, 10.36216],
			"to": [8.5, 7.34072, 16.11216],
			"rotation": {"angle": 0, "axis": "x", "origin": [14, 16.69072, 3.26216]},
			"faces": {
				"north": {"uv": [10, 2, 10.5, 2.125], "texture": "#0"},
				"east": {"uv": [10, 2, 12.875, 2.125], "texture": "#0"},
				"south": {"uv": [10, 2, 10.5, 2.125], "texture": "#0"},
				"west": {"uv": [10, 2, 12.875, 2.125], "texture": "#0"},
				"up": {"uv": [10, 2, 10.5, 4.875], "texture": "#0"},
				"down": {"uv": [10, 2, 10.5, 4.875], "texture": "#0"}
			}
		},
		{
			"from": [7.5, 7.39072, 11.46216],
			"to": [8.5, 7.64072, 13.71216],
			"rotation": {"angle": 0, "axis": "y", "origin": [14, 16.69072, 3.26216]},
			"faces": {
				"north": {"uv": [4, 3, 4.5, 3.125], "texture": "#0"},
				"east": {"uv": [4, 3, 5.125, 3.125], "texture": "#0"},
				"south": {"uv": [4, 3, 4.5, 3.125], "texture": "#0"},
				"west": {"uv": [4, 3, 5.125, 3.125], "texture": "#0"},
				"up": {"uv": [4, 3, 4.5, 4.125], "texture": "#0"},
				"down": {"uv": [4, 3, 4.5, 4.125], "texture": "#0"}
			}
		},
		{
			"from": [7.4, 7.64072, 11.96216],
			"to": [8.6, 7.84072, 12.21216],
			"rotation": {"angle": 0, "axis": "y", "origin": [14, 16.69072, 3.26216]},
			"faces": {
				"north": {"uv": [4, 3, 4.6, 3.1], "texture": "#0"},
				"east": {"uv": [4, 3, 4.125, 3.1], "texture": "#0"},
				"south": {"uv": [4, 3, 4.6, 3.1], "texture": "#0"},
				"west": {"uv": [4, 3, 4.125, 3.1], "texture": "#0"},
				"up": {"uv": [4, 3, 4.6, 3.125], "texture": "#0"},
				"down": {"uv": [4, 3, 4.6, 3.125], "texture": "#0"}
			}
		},
		{
			"from": [7.4, 8.84072, 11.96216],
			"to": [8.6, 8.94072, 12.21216],
			"rotation": {"angle": 0, "axis": "y", "origin": [14, 16.69072, 3.26216]},
			"faces": {
				"north": {"uv": [4, 3, 4.6, 3.05], "texture": "#0"},
				"east": {"uv": [4, 3, 4.125, 3.05], "texture": "#0"},
				"south": {"uv": [4, 3, 4.6, 3.05], "texture": "#0"},
				"west": {"uv": [4, 3, 4.125, 3.05], "texture": "#0"},
				"up": {"uv": [4, 3, 4.6, 3.125], "texture": "#0"},
				"down": {"uv": [4, 3, 4.6, 3.125], "texture": "#0"}
			}
		},
		{
			"from": [7.975, 8.31572, 11.96216],
			"to": [8.025, 8.36572, 12.01216],
			"rotation": {"angle": 0, "axis": "y", "origin": [14, 16.69072, 3.26216]},
			"faces": {
				"north": {"uv": [9, 9, 9.025, 9.025], "texture": "#0"},
				"east": {"uv": [9, 9, 9.025, 9.025], "texture": "#0"},
				"south": {"uv": [9.25, 9.25, 9.275, 9.275], "texture": "#0"},
				"west": {"uv": [9, 9, 9.025, 9.025], "texture": "#0"},
				"up": {"uv": [9, 9, 9.025, 9.025], "texture": "#0"},
				"down": {"uv": [9, 9, 9.025, 9.025], "texture": "#0"}
			}
		},
		{
			"from": [8.575, 7.84072, 11.96216],
			"to": [8.675, 8.84072, 12.21216],
			"rotation": {"angle": 0, "axis": "y", "origin": [14, 16.69072, 3.26216]},
			"faces": {
				"north": {"uv": [4, 3, 4.05, 3.5], "texture": "#0"},
				"east": {"uv": [4, 3, 4.125, 3.5], "texture": "#0"},
				"south": {"uv": [4, 3, 4.05, 3.5], "texture": "#0"},
				"west": {"uv": [4, 3, 4.125, 3.5], "texture": "#0"},
				"up": {"uv": [4, 3, 4.05, 3.125], "texture": "#0"},
				"down": {"uv": [4, 3, 4.05, 3.125], "texture": "#0"}
			}
		},
		{
			"from": [7.325, 7.84072, 11.96216],
			"to": [7.425, 8.84072, 12.21216],
			"rotation": {"angle": 0, "axis": "y", "origin": [14, 16.69072, 3.26216]},
			"faces": {
				"north": {"uv": [4, 3, 4.05, 3.5], "texture": "#0"},
				"east": {"uv": [4, 3, 4.125, 3.5], "texture": "#0"},
				"south": {"uv": [4, 3, 4.05, 3.5], "texture": "#0"},
				"west": {"uv": [4, 3, 4.125, 3.5], "texture": "#0"},
				"up": {"uv": [4, 3, 4.05, 3.125], "texture": "#0"},
				"down": {"uv": [4, 3, 4.05, 3.125], "texture": "#0"}
			}
		},
		{
			"from": [7.5, 4.19072, -2.48784],
			"to": [8.5, 4.44072, 3.26216],
			"rotation": {"angle": 0, "axis": "x", "origin": [14, 13.69072, -9.98784]},
			"faces": {
				"north": {"uv": [2, 10, 2.125, 10.5], "rotation": 270, "texture": "#0"},
				"east": {"uv": [2, 10, 2.125, 12.875], "rotation": 270, "texture": "#0"},
				"south": {"uv": [2, 10, 2.125, 10.5], "rotation": 270, "texture": "#0"},
				"west": {"uv": [2, 10, 2.125, 12.875], "rotation": 270, "texture": "#0"},
				"up": {"uv": [2, 10, 4.875, 10.5], "rotation": 270, "texture": "#0"},
				"down": {"uv": [2, 10, 4.875, 10.5], "rotation": 270, "texture": "#0"}
			}
		},
		{
			"from": [7.4, 7.09072, 10.76216],
			"to": [8.6, 7.49072, 11.26216],
			"rotation": {"angle": 0, "axis": "x", "origin": [14, 16.69072, 3.26216]},
			"faces": {
				"north": {"uv": [9, 3, 9.6, 3.25], "texture": "#0"},
				"east": {"uv": [9, 3, 9.6, 3.25], "texture": "#0"},
				"south": {"uv": [9, 3, 9.6, 3.25], "texture": "#0"},
				"west": {"uv": [9, 3, 9.6, 3.25], "texture": "#0"},
				"up": {"uv": [9, 3, 9.6, 3.25], "texture": "#0"},
				"down": {"uv": [9, 3, 9.6, 3.25], "texture": "#0"}
			}
		},
		{
			"from": [7.8, 6.94072, -10.63784],
			"to": [8.2, 7.09072, -4.88784],
			"rotation": {"angle": 0, "axis": "y", "origin": [14, 16.69072, 3.26216]},
			"faces": {
				"north": {"uv": [10, 3, 10.2, 3.075], "texture": "#0"},
				"east": {"uv": [10, 3, 12.875, 3.075], "texture": "#0"},
				"south": {"uv": [10, 3, 10.2, 3.075], "texture": "#0"},
				"west": {"uv": [10, 3, 12.875, 3.075], "texture": "#0"},
				"up": {"uv": [10, 3, 10.2, 5.875], "texture": "#0"},
				"down": {"uv": [10, 3, 10.2, 5.875], "texture": "#0"}
			}
		},
		{
			"from": [7.925, 7.09072, -10.23784],
			"to": [8.1, 7.49072, -9.73784],
			"rotation": {"angle": 0, "axis": "y", "origin": [14, 16.69072, 3.26216]},
			"faces": {
				"north": {"uv": [10, 3, 10.0875, 3.2], "texture": "#0"},
				"east": {"uv": [10, 3, 10.25, 3.2], "texture": "#0"},
				"south": {"uv": [5, 10, 5.0875, 10.2], "texture": "#0"},
				"west": {"uv": [10, 3, 10.25, 3.2], "texture": "#0"},
				"up": {"uv": [10, 3, 10.0875, 3.25], "texture": "#0"},
				"down": {"uv": [10, 3, 10.0875, 3.25], "texture": "#0"}
			}
		},
		{
			"from": [7.4, 4.04072, -2.08784],
			"to": [8.6, 4.44072, -1.58784],
			"rotation": {"angle": 0, "axis": "x", "origin": [14, 13.54072, -9.98784]},
			"faces": {
				"north": {"uv": [10, 3, 10.2, 3.25], "rotation": 270, "texture": "#0"},
				"east": {"uv": [10, 3, 10.2, 3.25], "rotation": 270, "texture": "#0"},
				"south": {"uv": [10, 3, 10.2, 3.25], "rotation": 270, "texture": "#0"},
				"west": {"uv": [10, 3, 10.2, 3.25], "rotation": 270, "texture": "#0"},
				"up": {"uv": [10, 3, 10.2, 3.25], "rotation": 270, "texture": "#0"},
				"down": {"uv": [10, 3, 10.2, 3.25], "rotation": 270, "texture": "#0"}
			}
		},
		{
			"from": [7.4, 7.09072, 12.26216],
			"to": [8.6, 7.49072, 12.76216],
			"rotation": {"angle": 0, "axis": "x", "origin": [14, 16.69072, 3.26216]},
			"faces": {
				"north": {"uv": [9, 3, 9.6, 3.25], "texture": "#0"},
				"east": {"uv": [9, 3, 9.6, 3.25], "texture": "#0"},
				"south": {"uv": [9, 3, 9.6, 3.25], "texture": "#0"},
				"west": {"uv": [9, 3, 9.6, 3.25], "texture": "#0"},
				"up": {"uv": [9, 3, 9.6, 3.25], "texture": "#0"},
				"down": {"uv": [9, 3, 9.6, 3.25], "texture": "#0"}
			}
		},
		{
			"from": [7.4, 4.04072, -0.58784],
			"to": [8.6, 4.44072, -0.08784],
			"rotation": {"angle": 0, "axis": "x", "origin": [14, 13.54072, -9.98784]},
			"faces": {
				"north": {"uv": [10, 3, 10.2, 3.25], "rotation": 270, "texture": "#0"},
				"east": {"uv": [10, 3, 10.2, 3.25], "rotation": 270, "texture": "#0"},
				"south": {"uv": [10, 3, 10.2, 3.25], "rotation": 270, "texture": "#0"},
				"west": {"uv": [10, 3, 10.2, 3.25], "rotation": 270, "texture": "#0"},
				"up": {"uv": [10, 3, 10.2, 3.25], "rotation": 270, "texture": "#0"},
				"down": {"uv": [10, 3, 10.2, 3.25], "rotation": 270, "texture": "#0"}
			}
		},
		{
			"from": [7.4, 7.09072, 13.76216],
			"to": [8.6, 7.49072, 14.26216],
			"rotation": {"angle": 0, "axis": "x", "origin": [14, 16.69072, 3.26216]},
			"faces": {
				"north": {"uv": [9, 3, 9.6, 3.25], "texture": "#0"},
				"east": {"uv": [9, 3, 9.6, 3.25], "texture": "#0"},
				"south": {"uv": [9, 3, 9.6, 3.25], "texture": "#0"},
				"west": {"uv": [9, 3, 9.6, 3.25], "texture": "#0"},
				"up": {"uv": [9, 3, 9.6, 3.25], "texture": "#0"},
				"down": {"uv": [9, 3, 9.6, 3.25], "texture": "#0"}
			}
		},
		{
			"from": [7.4, 4.04072, 0.91216],
			"to": [8.6, 4.44072, 1.41216],
			"rotation": {"angle": 0, "axis": "x", "origin": [14, 13.54072, -9.98784]},
			"faces": {
				"north": {"uv": [10, 3, 10.2, 3.25], "rotation": 270, "texture": "#0"},
				"east": {"uv": [10, 3, 10.2, 3.25], "rotation": 270, "texture": "#0"},
				"south": {"uv": [10, 3, 10.2, 3.25], "rotation": 270, "texture": "#0"},
				"west": {"uv": [10, 3, 10.2, 3.25], "rotation": 270, "texture": "#0"},
				"up": {"uv": [10, 3, 10.2, 3.25], "rotation": 270, "texture": "#0"},
				"down": {"uv": [10, 3, 10.2, 3.25], "rotation": 270, "texture": "#0"}
			}
		},
		{
			"from": [7.4, 7.09072, 15.26216],
			"to": [8.6, 7.49072, 15.76216],
			"rotation": {"angle": 0, "axis": "x", "origin": [14, 16.69072, 3.26216]},
			"faces": {
				"north": {"uv": [9, 3, 9.6, 3.25], "texture": "#0"},
				"east": {"uv": [9, 3, 9.6, 3.25], "texture": "#0"},
				"south": {"uv": [9, 3, 9.6, 3.2], "texture": "#0"},
				"west": {"uv": [9, 3, 9.6, 3.25], "texture": "#0"},
				"up": {"uv": [9, 3, 9.6, 3.25], "texture": "#0"},
				"down": {"uv": [9, 3, 9.6, 3.25], "texture": "#0"}
			}
		},
		{
			"from": [7.4, 4.04072, 2.41216],
			"to": [8.6, 4.44072, 2.91216],
			"rotation": {"angle": 0, "axis": "x", "origin": [14, 13.54072, -9.98784]},
			"faces": {
				"north": {"uv": [10, 3, 10.2, 3.25], "rotation": 270, "texture": "#0"},
				"east": {"uv": [10, 3, 10.2, 3.25], "rotation": 270, "texture": "#0"},
				"south": {"uv": [10, 3, 10.2, 3.25], "rotation": 270, "texture": "#0"},
				"west": {"uv": [10, 3, 10.2, 3.25], "rotation": 270, "texture": "#0"},
				"up": {"uv": [10, 3, 10.2, 3.25], "rotation": 270, "texture": "#0"},
				"down": {"uv": [10, 3, 10.2, 3.25], "rotation": 270, "texture": "#0"}
			}
		},
		{
			"from": [7.4, 7.09072, 11.51216],
			"to": [8.6, 7.49072, 12.01216],
			"rotation": {"angle": 0, "axis": "x", "origin": [14, 16.69072, 3.26216]},
			"faces": {
				"north": {"uv": [9, 3, 9.6, 3.25], "texture": "#0"},
				"east": {"uv": [9, 3, 9.6, 3.25], "texture": "#0"},
				"south": {"uv": [9, 3, 9.6, 3.25], "texture": "#0"},
				"west": {"uv": [9, 3, 9.6, 3.25], "texture": "#0"},
				"up": {"uv": [9, 3, 9.6, 3.25], "texture": "#0"},
				"down": {"uv": [9, 3, 9.6, 3.25], "texture": "#0"}
			}
		},
		{
			"from": [7.4, 4.04072, -1.33784],
			"to": [8.6, 4.44072, -0.83784],
			"rotation": {"angle": 0, "axis": "x", "origin": [14, 13.54072, -9.98784]},
			"faces": {
				"north": {"uv": [10, 3, 10.2, 3.25], "rotation": 270, "texture": "#0"},
				"east": {"uv": [10, 3, 10.2, 3.25], "rotation": 270, "texture": "#0"},
				"south": {"uv": [10, 3, 10.2, 3.25], "rotation": 270, "texture": "#0"},
				"west": {"uv": [10, 3, 10.2, 3.25], "rotation": 270, "texture": "#0"},
				"up": {"uv": [10, 3, 10.2, 3.25], "rotation": 270, "texture": "#0"},
				"down": {"uv": [10, 3, 10.2, 3.25], "rotation": 270, "texture": "#0"}
			}
		},
		{
			"from": [7.4, 7.09072, 13.01216],
			"to": [8.6, 7.49072, 13.51216],
			"rotation": {"angle": 0, "axis": "x", "origin": [14, 16.69072, 3.26216]},
			"faces": {
				"north": {"uv": [9, 3, 9.6, 3.25], "texture": "#0"},
				"east": {"uv": [9, 3, 9.6, 3.25], "texture": "#0"},
				"south": {"uv": [9, 3, 9.6, 3.25], "texture": "#0"},
				"west": {"uv": [9, 3, 9.6, 3.25], "texture": "#0"},
				"up": {"uv": [9, 3, 9.6, 3.25], "texture": "#0"},
				"down": {"uv": [9, 3, 9.6, 3.25], "texture": "#0"}
			}
		},
		{
			"from": [7.4, 4.04072, 0.16216],
			"to": [8.6, 4.44072, 0.66216],
			"rotation": {"angle": 0, "axis": "x", "origin": [14, 13.54072, -9.98784]},
			"faces": {
				"north": {"uv": [10, 3, 10.2, 3.25], "rotation": 270, "texture": "#0"},
				"east": {"uv": [10, 3, 10.2, 3.25], "rotation": 270, "texture": "#0"},
				"south": {"uv": [10, 3, 10.2, 3.25], "rotation": 270, "texture": "#0"},
				"west": {"uv": [10, 3, 10.2, 3.25], "rotation": 270, "texture": "#0"},
				"up": {"uv": [10, 3, 10.2, 3.25], "rotation": 270, "texture": "#0"},
				"down": {"uv": [10, 3, 10.2, 3.25], "rotation": 270, "texture": "#0"}
			}
		},
		{
			"from": [7.4, 7.09072, 14.51216],
			"to": [8.6, 7.49072, 15.01216],
			"rotation": {"angle": 0, "axis": "x", "origin": [14, 16.69072, 3.26216]},
			"faces": {
				"north": {"uv": [9, 3, 9.6, 3.25], "texture": "#0"},
				"east": {"uv": [9, 3, 9.6, 3.25], "texture": "#0"},
				"south": {"uv": [9, 3, 9.6, 3.25], "texture": "#0"},
				"west": {"uv": [9, 3, 9.6, 3.25], "texture": "#0"},
				"up": {"uv": [9, 3, 9.6, 3.25], "texture": "#0"},
				"down": {"uv": [9, 3, 9.6, 3.25], "texture": "#0"}
			}
		},
		{
			"from": [7.4, 4.04072, 1.66216],
			"to": [8.6, 4.44072, 2.16216],
			"rotation": {"angle": 0, "axis": "x", "origin": [14, 13.54072, -9.98784]},
			"faces": {
				"north": {"uv": [10, 3, 10.2, 3.25], "rotation": 270, "texture": "#0"},
				"east": {"uv": [10, 3, 10.2, 3.25], "rotation": 270, "texture": "#0"},
				"south": {"uv": [10, 3, 10.2, 3.25], "rotation": 270, "texture": "#0"},
				"west": {"uv": [10, 3, 10.2, 3.25], "rotation": 270, "texture": "#0"},
				"up": {"uv": [10, 3, 10.2, 3.25], "rotation": 270, "texture": "#0"},
				"down": {"uv": [10, 3, 10.2, 3.25], "rotation": 270, "texture": "#0"}
			}
		},
		{
			"from": [7, 4.19072, 3.26216],
			"to": [9, 5.94072, 10.26216],
			"rotation": {"angle": 0, "axis": "x", "origin": [14, 16.69072, 1.26216]},
			"faces": {
				"north": {"uv": [1, 1, 2, 1.875], "texture": "#0"},
				"east": {"uv": [1, 1, 4.5, 1.875], "texture": "#0"},
				"south": {"uv": [1, 1, 2, 1.875], "texture": "#0"},
				"west": {"uv": [1, 1, 4.5, 1.875], "texture": "#0"},
				"up": {"uv": [1, 1, 2, 4.5], "texture": "#0"},
				"down": {"uv": [1, 1, 2, 4.5], "texture": "#0"}
			}
		},
		{
			"from": [7.25, 4.44072, -3.73784],
			"to": [8.75, 5.94072, 3.26216],
			"rotation": {"angle": 0, "axis": "x", "origin": [14, 16.69072, 1.26216]},
			"faces": {
				"north": {"uv": [1, 2, 1.75, 2.75], "rotation": 270, "texture": "#0"},
				"east": {"uv": [1, 2, 1.75, 5.5], "rotation": 270, "texture": "#0"},
				"south": {"uv": [1, 2, 1.75, 2.75], "rotation": 270, "texture": "#0"},
				"west": {"uv": [1, 2, 1.75, 5.5], "rotation": 270, "texture": "#0"},
				"up": {"uv": [1, 2, 4.5, 2.75], "rotation": 270, "texture": "#0"},
				"down": {"uv": [1, 2, 4.5, 2.75], "rotation": 270, "texture": "#0"}
			}
		},
		{
			"from": [7.5, 5.94072, -10.73784],
			"to": [8.5, 6.94072, 3.26216],
			"rotation": {"angle": 0, "axis": "x", "origin": [13.75, 18.44072, 1.26216]},
			"faces": {
				"north": {"uv": [0, 10, 0.5, 10.5], "texture": "#0"},
				"east": {"uv": [0, 10, 7, 10.5], "texture": "#0"},
				"south": {"uv": [0, 10, 0.5, 10.5], "texture": "#0"},
				"west": {"uv": [0, 10, 7, 10.5], "texture": "#0"},
				"up": {"uv": [0, 9, 0.5, 16], "texture": "#0"},
				"down": {"uv": [0, 9, 0.5, 16], "texture": "#0"}
			}
		},
		{
			"from": [7.7, 6.14072, -10.76284],
			"to": [8.3, 6.74072, -10.73784],
			"rotation": {"angle": 0, "axis": "y", "origin": [13.75, 18.44072, 1.26216]},
			"faces": {
				"north": {"uv": [15, 8, 15.0125, 8.3], "texture": "#0"},
				"east": {"uv": [15, 8, 15.0125, 8.3], "texture": "#0"},
				"south": {"uv": [15, 8, 15.0125, 8.3], "texture": "#0"},
				"west": {"uv": [15, 8, 15.0125, 8.3], "texture": "#0"},
				"up": {"uv": [15, 8, 15.0125, 8.3], "texture": "#0"},
				"down": {"uv": [15, 8, 15.0125, 8.3], "texture": "#0"}
			}
		},
		{
			"from": [7.5, 5.94072, 3.26216],
			"to": [8.5, 6.94072, 11.26216],
			"rotation": {"angle": 0, "axis": "y", "origin": [13.75, 18.44072, 1.26216]},
			"faces": {
				"north": {"uv": [1, 9, 1.5, 9.5], "texture": "#0"},
				"east": {"uv": [1, 9, 5, 9.5], "texture": "#0"},
				"south": {"uv": [1, 9, 1.5, 9.5], "texture": "#0"},
				"west": {"uv": [1, 9, 5, 9.5], "texture": "#0"},
				"up": {"uv": [1, 9, 1.5, 13], "texture": "#0"},
				"down": {"uv": [1, 9, 1.5, 13], "texture": "#0"}
			}
		},
		{
			"from": [7, 5.5, 22.25],
			"to": [9, 7, 28.25],
			"rotation": {"angle": 0, "axis": "y", "origin": [15, 10.5, 35.25]},
			"faces": {
				"north": {"uv": [10, 3, 11, 3.75], "texture": "#0"},
				"east": {"uv": [10, 3, 13, 3.75], "texture": "#0"},
				"south": {"uv": [10, 3, 11, 3.75], "texture": "#0"},
				"west": {"uv": [10, 3, 13, 3.75], "texture": "#0"},
				"up": {"uv": [10, 3, 11, 6], "texture": "#0"},
				"down": {"uv": [10, 3, 13, 3.75], "texture": "#0"}
			}
		},
		{
			"from": [8, 5, 27],
			"to": [9, 5.5, 27.5],
			"rotation": {"angle": 0, "axis": "y", "origin": [15, 10, 36]},
			"faces": {
				"north": {"uv": [2, 9, 2.5, 9.25], "texture": "#0"},
				"east": {"uv": [2, 9, 2.5, 9.25], "texture": "#0"},
				"south": {"uv": [2, 9, 2.5, 9.25], "texture": "#0"},
				"west": {"uv": [2, 9, 2.5, 9.25], "texture": "#0"},
				"up": {"uv": [2, 9, 2.5, 9.25], "texture": "#0"},
				"down": {"uv": [2, 9, 2.5, 9.25], "texture": "#0"}
			}
		},
		{
			"from": [8, 5, 23],
			"to": [9, 5.5, 23.5],
			"rotation": {"angle": 0, "axis": "y", "origin": [15, 10, 32]},
			"faces": {
				"north": {"uv": [2, 9, 2.5, 9.25], "texture": "#0"},
				"east": {"uv": [2, 9, 2.5, 9.25], "texture": "#0"},
				"south": {"uv": [2, 9, 2.5, 9.25], "texture": "#0"},
				"west": {"uv": [2, 9, 2.5, 9.25], "texture": "#0"},
				"up": {"uv": [2, 9, 2.5, 9.25], "texture": "#0"},
				"down": {"uv": [2, 9, 2.5, 9.25], "texture": "#0"}
			}
		}
	],
	"display": {
		"thirdperson_righthand": {
			"translation": [0, 3, -5.75],
			"scale": [0, 0, 0]
		},
		"thirdperson_lefthand": {
			"translation": [0, 3, -5.75],
			"scale": [0, 0, 0]
		},
		"firstperson_righthand": {
			"rotation": [0, 0, 11],
			"translation": [-3.25, 4.25, 0],
			"scale": [0.7, 0.7, 0.7]
		},
		"firstperson_lefthand": {
			"rotation": [0, 0, 11],
			"translation": [-3.25, 4.25, 0],
			"scale": [0.7, 0.7, 0.7]
		},
		"gui": {
			"rotation": [27, 146, 0],
			"translation": [-1.25, 0, 0],
			"scale": [0.6, 0.6, 0.6]
		}
	},
	"groups": [
		{
			"name": "1",
			"origin": [18.67511, 15.17356, 4.26216],
			"children": [0, 1, 2]
		},
		{
			"name": "2",
			"origin": [14, 14.19072, 3.26216],
			"children": [3]
		}, 4, 5, 6, 7, 8, 9, 10, 11, 12, 13, 14, 15, 16, 17, 18, 19, 20, 21, 22, 23, 24, 25, 26, 27, 28, 29, 30, 31, 32, 33, 34, 35, 36, 37, 38, 39, 40, 41, 42, 43, 44, 45, 46, 47, 48, 49, 50, 51, 52, 53, 54, 55, 56, 57]
}