{
	"credit": "By NZ in Blockbench",
	"texture_size": [32, 32],
	"textures": {
		"0": "modularwarfare:items/guns/prototype.fnx45",
		"particle": "modularwarfare:items/guns/prototype.fnx45"
	},
	"elements": [
		{
			"from": [7.65, 5.275, 11.25],
			"to": [8.35, 5.625, 13.1],
			"rotation": {"angle": 0, "axis": "y", "origin": [8, 7.925, 8.85]},
			"faces": {
				"north": {"uv": [1, 10, 1.35, 10.175], "texture": "#0"},
				"east": {"uv": [1, 10, 1.925, 10.175], "texture": "#0"},
				"south": {"uv": [1, 10, 1.35, 10.175], "texture": "#0"},
				"west": {"uv": [1, 10, 1.925, 10.175], "texture": "#0"},
				"up": {"uv": [1, 10, 1.35, 10.925], "texture": "#0"},
				"down": {"uv": [1, 10, 1.35, 10.925], "texture": "#0"}
			}
		},
		{
			"from": [7.4, 5.275, 13.1],
			"to": [8.6, 5.525, 13.5],
			"rotation": {"angle": 0, "axis": "y", "origin": [8, 7.925, 9.65]},
			"faces": {
				"north": {"uv": [1, 10, 1.6, 10.125], "texture": "#0"},
				"east": {"uv": [1, 10, 1.2, 10.125], "texture": "#0"},
				"south": {"uv": [1, 10, 1.6, 10.125], "texture": "#0"},
				"west": {"uv": [1, 10, 1.2, 10.125], "texture": "#0"},
				"up": {"uv": [1, 10, 1.6, 10.2], "texture": "#0"},
				"down": {"uv": [1, 10, 1.6, 10.2], "texture": "#0"}
			}
		},
		{
			"from": [7.5, 1.03492, 6.28575],
			"to": [8.5, 2.65992, 8.43575],
			"rotation": {"angle": 0, "axis": "y", "origin": [8.2, 9.55992, 9.18575]},
			"faces": {
				"north": {"uv": [2, 11, 2.5, 11.8125], "texture": "#0"},
				"east": {"uv": [2, 11, 3.075, 11.8125], "texture": "#0"},
				"south": {"uv": [2, 11, 2.5, 11.8125], "texture": "#0"},
				"west": {"uv": [2, 11, 3.075, 11.8125], "texture": "#0"},
				"up": {"uv": [2, 11, 2.5, 12.075], "texture": "#0"},
				"down": {"uv": [2, 11, 2.5, 12.075], "texture": "#0"}
			}
		},
		{
			"from": [7.5, -2.67135, 8.96485],
			"to": [8.5, 0.20365, 11.11485],
			"rotation": {"angle": 22.5, "axis": "x", "origin": [8.2, 7.35365, 11.86485]},
			"faces": {
				"north": {"uv": [2, 11, 2.5, 12.4375], "texture": "#0"},
				"east": {"uv": [2, 11, 3.075, 12.4375], "texture": "#0"},
				"south": {"uv": [2, 11, 2.5, 12.4375], "texture": "#0"},
				"west": {"uv": [2, 11, 3.075, 12.4375], "texture": "#0"},
				"up": {"uv": [2, 11, 2.5, 12.075], "texture": "#0"},
				"down": {"uv": [2, 11, 2.5, 12.075], "texture": "#0"}
			}
		},
		{
			"from": [7.4, -2.17261, 9.26433],
			"to": [8.6, 0.20239, 9.61433],
			"rotation": {"angle": 22.5, "axis": "x", "origin": [8.2, 7.60239, 11.26433]},
			"faces": {
				"north": {"uv": [6, 12, 6.6, 13.1875], "texture": "#0"},
				"east": {"uv": [6, 12, 6.175, 13.1875], "texture": "#0"},
				"south": {"uv": [6, 12, 6.6, 13.1875], "texture": "#0"},
				"west": {"uv": [6, 12, 6.175, 13.1875], "texture": "#0"},
				"up": {"uv": [6, 12, 6.6, 12.175], "texture": "#0"},
				"down": {"uv": [6, 12, 6.6, 12.175], "texture": "#0"}
			}
		},
		{
			"from": [7.4, -2.42135, 9.86485],
			"to": [8.6, -0.04635, 10.21485],
			"rotation": {"angle": 22.5, "axis": "x", "origin": [8.2, 7.35365, 11.86485]},
			"faces": {
				"north": {"uv": [6, 12, 6.6, 13.1875], "texture": "#0"},
				"east": {"uv": [6, 12, 6.175, 13.1875], "texture": "#0"},
				"south": {"uv": [6, 12, 6.6, 13.1875], "texture": "#0"},
				"west": {"uv": [6, 12, 6.175, 13.1875], "texture": "#0"},
				"up": {"uv": [6, 12, 6.6, 12.175], "texture": "#0"},
				"down": {"uv": [6, 12, 6.6, 12.175], "texture": "#0"}
			}
		},
		{
			"from": [7.4, -2.67009, 10.46537],
			"to": [8.6, -0.29509, 10.81537],
			"rotation": {"angle": 22.5, "axis": "x", "origin": [8.2, 7.10491, 12.46537]},
			"faces": {
				"north": {"uv": [6, 12, 6.6, 13.1875], "texture": "#0"},
				"east": {"uv": [6, 12, 6.175, 13.1875], "texture": "#0"},
				"south": {"uv": [6, 12, 6.6, 13.1875], "texture": "#0"},
				"west": {"uv": [6, 12, 6.175, 13.1875], "texture": "#0"},
				"up": {"uv": [6, 12, 6.6, 12.175], "texture": "#0"},
				"down": {"uv": [6, 12, 6.6, 12.175], "texture": "#0"}
			}
		},
		{
			"from": [7.4, 0.89963, 7.75911],
			"to": [8.6, 2.42463, 8.10911],
			"rotation": {"angle": 0, "axis": "y", "origin": [8.2, 10.67463, 9.75911]},
			"faces": {
				"north": {"uv": [6, 12, 6.6, 12.7625], "texture": "#0"},
				"east": {"uv": [6, 12, 6.175, 12.7625], "texture": "#0"},
				"south": {"uv": [6, 12, 6.6, 12.7625], "texture": "#0"},
				"west": {"uv": [6, 12, 6.175, 12.7625], "texture": "#0"},
				"up": {"uv": [6, 12, 6.6, 12.175], "texture": "#0"},
				"down": {"uv": [6, 12, 6.6, 12.175], "texture": "#0"}
			}
		},
		{
			"from": [7.4, 1.14837, 7.15859],
			"to": [8.6, 2.42337, 7.50859],
			"rotation": {"angle": 0, "axis": "y", "origin": [8.2, 10.92337, 9.15859]},
			"faces": {
				"north": {"uv": [6, 12, 6.6, 12.6375], "texture": "#0"},
				"east": {"uv": [6, 12, 6.175, 12.6375], "texture": "#0"},
				"south": {"uv": [6, 12, 6.6, 12.6375], "texture": "#0"},
				"west": {"uv": [6, 12, 6.175, 12.6375], "texture": "#0"},
				"up": {"uv": [6, 12, 6.6, 12.175], "texture": "#0"},
				"down": {"uv": [6, 12, 6.6, 12.175], "texture": "#0"}
			}
		},
		{
			"from": [7.4, 1.39711, 6.55807],
			"to": [8.6, 2.42211, 6.90807],
			"rotation": {"angle": 0, "axis": "y", "origin": [8.2, 11.17211, 8.55807]},
			"faces": {
				"north": {"uv": [6, 12, 6.6, 12.5125], "texture": "#0"},
				"east": {"uv": [6, 12, 6.175, 12.5125], "texture": "#0"},
				"south": {"uv": [6, 12, 6.6, 12.5125], "texture": "#0"},
				"west": {"uv": [6, 12, 6.175, 12.5125], "texture": "#0"},
				"up": {"uv": [6, 12, 6.6, 12.175], "texture": "#0"},
				"down": {"uv": [6, 12, 6.6, 12.175], "texture": "#0"}
			}
		},
		{
			"from": [7.15, 3.8, -1.85],
			"to": [8.85, 5.5, 5.4],
			"faces": {
				"north": {"uv": [1, 2, 1.85, 2.85], "texture": "#0"},
				"east": {"uv": [1, 2, 4.625, 2.85], "texture": "#0"},
				"south": {"uv": [1, 2, 1.85, 2.85], "texture": "#0"},
				"west": {"uv": [1, 2, 4.625, 2.85], "texture": "#0"},
				"up": {"uv": [1, 2, 1.85, 5.625], "texture": "#0"},
				"down": {"uv": [1, 2, 1.85, 5.625], "texture": "#0"}
			}
		},
		{
			"from": [7.05, 3.7, 5.4],
			"to": [8.95, 5.6, 5.9],
			"faces": {
				"north": {"uv": [2, 10, 2.95, 10.95], "texture": "#0"},
				"east": {"uv": [2, 10, 2.25, 10.95], "texture": "#0"},
				"south": {"uv": [2, 10, 2.95, 10.95], "texture": "#0"},
				"west": {"uv": [2, 10, 2.25, 10.95], "texture": "#0"},
				"up": {"uv": [2, 10, 2.95, 10.25], "texture": "#0"},
				"down": {"uv": [2, 10, 2.95, 10.25], "texture": "#0"}
			}
		},
		{
			"from": [7.4, 3.1, 5.9],
			"to": [8.6, 4.15, 11.95],
			"faces": {
				"north": {"uv": [2, 3, 2.6, 3.525], "texture": "#0"},
				"east": {"uv": [2, 3, 5.025, 3.525], "texture": "#0"},
				"south": {"uv": [2, 3, 2.6, 3.525], "texture": "#0"},
				"west": {"uv": [2, 3, 5.025, 3.525], "texture": "#0"},
				"up": {"uv": [2, 3, 2.6, 6.025], "texture": "#0"},
				"down": {"uv": [2, 3, 2.6, 6.025], "texture": "#0"}
			}
		},
		{
			"from": [7.4, 2.40992, 6.18575],
			"to": [8.6, 3.28492, 8.53575],
			"rotation": {"angle": 0, "axis": "y", "origin": [8.2, 9.55992, 9.18575]},
			"faces": {
				"north": {"uv": [3, 4, 3.6, 4.4375], "texture": "#0"},
				"east": {"uv": [3, 4, 4.175, 4.4375], "texture": "#0"},
				"south": {"uv": [3, 4, 3.6, 4.4375], "texture": "#0"},
				"west": {"uv": [3, 4, 4.175, 4.4375], "texture": "#0"},
				"up": {"uv": [3, 4, 3.6, 5.175], "texture": "#0"},
				"down": {"uv": [3, 4, 3.6, 5.175], "texture": "#0"}
			}
		},
		{
			"from": [7.4, 4.40613, 3.74158],
			"to": [8.6, 5.15613, 4.29158],
			"rotation": {"angle": -22.5, "axis": "x", "origin": [8.2, 9.55187, 9.98147]},
			"faces": {
				"north": {"uv": [3, 4, 3.6, 4.375], "texture": "#0"},
				"east": {"uv": [3, 4, 3.275, 4.375], "texture": "#0"},
				"south": {"uv": [3, 4, 3.6, 4.375], "texture": "#0"},
				"west": {"uv": [3, 4, 3.275, 4.375], "texture": "#0"},
				"up": {"uv": [3, 4, 3.6, 4.275], "texture": "#0"},
				"down": {"uv": [3, 4, 3.6, 4.275], "texture": "#0"}
			}
		},
		{
			"from": [7.4, 5.35, 5.9],
			"to": [8.6, 5.7, 12.25],
			"faces": {
				"north": {"uv": [9, 2, 9.6, 2.175], "texture": "#0"},
				"east": {"uv": [9, 2, 12.175, 2.175], "texture": "#0"},
				"south": {"uv": [9, 2, 9.6, 2.175], "texture": "#0"},
				"west": {"uv": [9, 2, 12.175, 2.175], "texture": "#0"},
				"up": {"uv": [9, 2, 9.6, 5.175], "texture": "#0"},
				"down": {"uv": [9, 2, 9.6, 5.175], "texture": "#0"}
			}
		},
		{
			"from": [7.6, 2.40992, 10.31075],
			"to": [8.5, 3.10992, 11.96075],
			"faces": {
				"north": {"uv": [11, 2, 11.45, 2.35], "texture": "#0"},
				"east": {"uv": [11, 2, 11.825, 2.35], "texture": "#0"},
				"south": {"uv": [11, 2, 11.45, 2.35], "texture": "#0"},
				"west": {"uv": [11, 2, 11.825, 2.35], "texture": "#0"},
				"up": {"uv": [11, 2, 11.45, 2.825], "texture": "#0"},
				"down": {"uv": [11, 2, 11.45, 2.825], "texture": "#0"}
			}
		},
		{
			"from": [7.6, -1.49436, 7.91083],
			"to": [8.5, 1.30564, 9.56083],
			"rotation": {"angle": -22.5, "axis": "x", "origin": [8, 7.8904, 6.33499]},
			"faces": {
				"north": {"uv": [11, 2, 11.45, 3.4], "texture": "#0"},
				"east": {"uv": [11, 2, 11.825, 3.4], "texture": "#0"},
				"south": {"uv": [11, 2, 11.45, 3.4], "texture": "#0"},
				"west": {"uv": [11, 2, 11.825, 3.4], "texture": "#0"},
				"up": {"uv": [11, 2, 11.45, 2.825], "texture": "#0"},
				"down": {"uv": [11, 2, 11.45, 2.825], "texture": "#0"}
			}
		},
		{
			"from": [7.8, 1.3157, 7.30598],
			"to": [8.4, 1.5157, 7.80598],
			"rotation": {"angle": -22.5, "axis": "x", "origin": [8, 8.25898, 6.81059]},
			"faces": {
				"north": {"uv": [3, 10, 3.3, 10.1], "texture": "#0"},
				"east": {"uv": [3, 10, 3.25, 10.1], "texture": "#0"},
				"south": {"uv": [3, 10, 3.3, 10.1], "texture": "#0"},
				"west": {"uv": [3, 10, 3.25, 10.1], "texture": "#0"},
				"up": {"uv": [3, 10, 3.3, 10.25], "texture": "#0"},
				"down": {"uv": [3, 10, 3.3, 10.25], "texture": "#0"}
			}
		},
		{
			"from": [7.8, 2.03381, 8.52535],
			"to": [8.4, 2.23381, 9.92535],
			"rotation": {"angle": 0, "axis": "y", "origin": [8, 8.74747, 9.88429]},
			"faces": {
				"north": {"uv": [3, 10, 3.3, 10.1], "texture": "#0"},
				"east": {"uv": [3, 10, 3.7, 10.1], "texture": "#0"},
				"south": {"uv": [3, 10, 3.3, 10.1], "texture": "#0"},
				"west": {"uv": [3, 10, 3.7, 10.1], "texture": "#0"},
				"up": {"uv": [3, 10, 3.3, 10.7], "texture": "#0"},
				"down": {"uv": [3, 10, 3.3, 10.7], "texture": "#0"}
			}
		},
		{
			"from": [7.8, 2.23381, 8.52535],
			"to": [8.4, 3.13381, 8.70035],
			"rotation": {"angle": 0, "axis": "y", "origin": [8, 8.74747, 9.88429]},
			"faces": {
				"north": {"uv": [3, 10, 3.3, 10.45], "texture": "#0"},
				"east": {"uv": [3, 10, 3.0875, 10.45], "texture": "#0"},
				"south": {"uv": [3, 10, 3.3, 10.45], "texture": "#0"},
				"west": {"uv": [3, 10, 3.0875, 10.45], "texture": "#0"},
				"up": {"uv": [3, 10, 3.3, 10.0875], "texture": "#0"},
				"down": {"uv": [3, 10, 3.3, 10.0875], "texture": "#0"}
			}
		},
		{
			"from": [7.25, 2.6, 7.4],
			"to": [8.75, 4.15, 8.25],
			"faces": {
				"north": {"uv": [3, 4, 3.75, 4.775], "texture": "#0"},
				"east": {"uv": [3, 4, 3.425, 4.775], "texture": "#0"},
				"south": {"uv": [3, 4, 3.75, 4.775], "texture": "#0"},
				"west": {"uv": [3, 4, 3.425, 4.775], "texture": "#0"},
				"up": {"uv": [3, 4, 3.75, 4.425], "texture": "#0"},
				"down": {"uv": [3, 4, 3.75, 4.425], "texture": "#0"}
			}
		},
		{
			"from": [7.15, 4.15, 5.9],
			"to": [8.85, 5.35, 12.25],
			"faces": {
				"north": {"uv": [2, 2, 2.85, 2.6], "texture": "#0"},
				"east": {"uv": [2, 2, 5.175, 2.6], "texture": "#0"},
				"south": {"uv": [2, 2, 2.85, 2.6], "texture": "#0"},
				"west": {"uv": [2, 2, 5.175, 2.6], "texture": "#0"},
				"up": {"uv": [2, 2, 2.85, 5.175], "texture": "#0"},
				"down": {"uv": [2, 2, 2.85, 5.175], "texture": "#0"}
			}
		},
		{
			"from": [7.55, 4.3, 12.25],
			"to": [8.45, 5.2, 18.25],
			"faces": {
				"north": {"uv": [1, 10, 1.45, 10.45], "texture": "#0"},
				"east": {"uv": [1, 10, 4, 10.45], "texture": "#0"},
				"south": {"uv": [1, 10, 1.45, 10.45], "texture": "#0"},
				"west": {"uv": [1, 10, 4, 10.45], "texture": "#0"},
				"up": {"uv": [1, 10, 1.45, 13], "texture": "#0"},
				"down": {"uv": [1, 10, 1.45, 13], "texture": "#0"}
			}
		},
		{
			"from": [7.85, 2.65, 15],
			"to": [8.15, 3.1, 16.75],
			"rotation": {"angle": 0, "axis": "y", "origin": [8, 9, 6.25]},
			"faces": {
				"north": {"uv": [2, 11, 2.15, 11.225], "texture": "#0"},
				"east": {"uv": [2, 11, 2.875, 11.225], "texture": "#0"},
				"south": {"uv": [2, 11, 2.15, 11.225], "texture": "#0"},
				"west": {"uv": [2, 11, 2.875, 11.225], "texture": "#0"},
				"up": {"uv": [2, 11, 2.15, 11.875], "texture": "#0"},
				"down": {"uv": [2, 11, 2.15, 11.875], "texture": "#0"}
			}
		},
		{
			"from": [7.75, 2.9, 14],
			"to": [8.25, 4.35, 16.5],
			"rotation": {"angle": 0, "axis": "y", "origin": [8, 9.25, 6.25]},
			"faces": {
				"north": {"uv": [2, 4, 2.25, 4.725], "texture": "#0"},
				"east": {"uv": [2, 4, 3.25, 4.725], "texture": "#0"},
				"south": {"uv": [2, 4, 2.25, 4.725], "texture": "#0"},
				"west": {"uv": [2, 4, 3.25, 4.725], "texture": "#0"},
				"up": {"uv": [2, 4, 2.25, 5.25], "texture": "#0"},
				"down": {"uv": [2, 4, 2.25, 5.25], "texture": "#0"}
			}
		},
		{
			"from": [7.65, 2.15, 16.75],
			"to": [8.35, 4.35, 18.25],
			"rotation": {"angle": 0, "axis": "y", "origin": [8, 9.25, 8]},
			"faces": {
				"north": {"uv": [2, 3, 2.35, 4.1], "texture": "#0"},
				"east": {"uv": [2, 3, 2.75, 4.1], "texture": "#0"},
				"south": {"uv": [2, 3, 2.35, 4.1], "texture": "#0"},
				"west": {"uv": [2, 3, 2.75, 4.1], "texture": "#0"},
				"up": {"uv": [2, 3, 2.35, 3.75], "texture": "#0"},
				"down": {"uv": [2, 3, 2.35, 3.75], "texture": "#0"}
			}
		},
		{
			"from": [7.05, 2.55, 18.275],
			"to": [8.95, 4.85, 18.775],
			"faces": {
				"north": {"uv": [10, 3, 10.95, 4.15], "texture": "#0"},
				"east": {"uv": [10, 3, 10.25, 4.15], "texture": "#0"},
				"south": {"uv": [10, 3, 10.95, 4.15], "texture": "#0"},
				"west": {"uv": [10, 3, 10.25, 4.15], "texture": "#0"},
				"up": {"uv": [10, 3, 10.95, 3.25], "texture": "#0"},
				"down": {"uv": [10, 3, 10.95, 3.25], "texture": "#0"}
			}
		},
		{
			"from": [7.3, 4.75, 18.25],
			"to": [8.7, 5.55, 18.75],
			"rotation": {"angle": 0, "axis": "y", "origin": [8, 11.5, 8]},
			"faces": {
				"north": {"uv": [13, 3, 13.7, 3.4], "texture": "#0"},
				"east": {"uv": [13, 3, 13.25, 3.4], "texture": "#0"},
				"south": {"uv": [13, 3, 13.7, 3.4], "texture": "#0"},
				"west": {"uv": [13, 3, 13.25, 3.4], "texture": "#0"},
				"up": {"uv": [13, 3, 13.7, 3.25], "texture": "#0"},
				"down": {"uv": [13, 3, 13.7, 3.25], "texture": "#0"}
			}
		},
		{
			"from": [7.3, 1.75, 18.25],
			"to": [8.7, 2.55, 18.75],
			"rotation": {"angle": 0, "axis": "y", "origin": [8, 8.5, 8]},
			"faces": {
				"north": {"uv": [13, 3, 13.7, 3.4], "texture": "#0"},
				"east": {"uv": [13, 3, 13.25, 3.4], "texture": "#0"},
				"south": {"uv": [13, 3, 13.7, 3.4], "texture": "#0"},
				"west": {"uv": [13, 3, 13.25, 3.4], "texture": "#0"},
				"up": {"uv": [13, 3, 13.7, 3.25], "texture": "#0"},
				"down": {"uv": [13, 3, 13.7, 3.25], "texture": "#0"}
			}
		},
		{
			"from": [7.5, 4.3, -7],
			"to": [7.7, 5, -1.8],
			"faces": {
				"north": {"uv": [2, 10, 2.1, 10.35], "texture": "#0"},
				"east": {"uv": [2, 10, 4.6, 10.35], "texture": "#0"},
				"south": {"uv": [2, 10, 2.1, 10.35], "texture": "#0"},
				"west": {"uv": [2, 10, 4.6, 10.35], "texture": "#0"},
				"up": {"uv": [2, 10, 2.1, 12.6], "texture": "#0"},
				"down": {"uv": [2, 10, 2.1, 12.6], "texture": "#0"}
			}
		},
		{
			"from": [7.6, 4.95, -7],
			"to": [8.4, 5.15, -1.8],
			"faces": {
				"north": {"uv": [2, 10, 2.4, 10.1], "texture": "#0"},
				"east": {"uv": [2, 10, 4.6, 10.1], "texture": "#0"},
				"south": {"uv": [2, 10, 2.4, 10.1], "texture": "#0"},
				"west": {"uv": [2, 10, 4.6, 10.1], "texture": "#0"},
				"up": {"uv": [2, 10, 2.4, 12.6], "texture": "#0"},
				"down": {"uv": [2, 10, 2.4, 12.6], "texture": "#0"}
			}
		},
		{
			"from": [7.6, 4.15, -7],
			"to": [8.4, 4.35, -1.8],
			"faces": {
				"north": {"uv": [2, 10, 2.4, 10.1], "texture": "#0"},
				"east": {"uv": [2, 10, 4.6, 10.1], "texture": "#0"},
				"south": {"uv": [2, 10, 2.4, 10.1], "texture": "#0"},
				"west": {"uv": [2, 10, 4.6, 10.1], "texture": "#0"},
				"up": {"uv": [2, 10, 2.4, 12.6], "texture": "#0"},
				"down": {"uv": [2, 10, 2.4, 12.6], "texture": "#0"}
			}
		},
		{
			"from": [8.3, 4.3, -7],
			"to": [8.5, 5, -1.8],
			"faces": {
				"north": {"uv": [2, 10, 2.1, 10.35], "texture": "#0"},
				"east": {"uv": [2, 10, 4.6, 10.35], "texture": "#0"},
				"south": {"uv": [2, 10, 2.1, 10.35], "texture": "#0"},
				"west": {"uv": [2, 10, 4.6, 10.35], "texture": "#0"},
				"up": {"uv": [2, 10, 2.1, 12.6], "texture": "#0"},
				"down": {"uv": [2, 10, 2.1, 12.6], "texture": "#0"}
			}
		},
		{
			"from": [7.4, 4.05, -4.25],
			"to": [8.6, 5.25, -4],
			"faces": {
				"north": {"uv": [2, 2, 2.6, 2.6], "texture": "#0"},
				"east": {"uv": [2, 2, 2.125, 2.6], "texture": "#0"},
				"south": {"uv": [2, 2, 2.6, 2.6], "texture": "#0"},
				"west": {"uv": [2, 2, 2.125, 2.6], "texture": "#0"},
				"up": {"uv": [2, 2, 2.6, 2.125], "texture": "#0"},
				"down": {"uv": [2, 2, 2.6, 2.125], "texture": "#0"}
			}
		},
		{
			"from": [7.7, 5.15, -2.25],
			"to": [8.3, 5.85, -2],
			"faces": {
				"north": {"uv": [3, 4, 3.3, 4.35], "texture": "#0"},
				"east": {"uv": [3, 4, 3.125, 4.35], "texture": "#0"},
				"south": {"uv": [3, 4, 3.3, 4.35], "texture": "#0"},
				"west": {"uv": [3, 4, 3.125, 4.35], "texture": "#0"},
				"up": {"uv": [3, 4, 3.3, 4.125], "texture": "#0"},
				"down": {"uv": [3, 4, 3.3, 4.125], "texture": "#0"}
			}
		},
		{
			"from": [7.8, 5.15, -3.325],
			"to": [8.2, 5.35, -2.25],
			"faces": {
				"north": {"uv": [3, 4, 3.2, 4.1], "texture": "#0"},
				"east": {"uv": [3, 4, 3.5375, 4.1], "texture": "#0"},
				"south": {"uv": [3, 4, 3.2, 4.1], "texture": "#0"},
				"west": {"uv": [3, 4, 3.5375, 4.1], "texture": "#0"},
				"up": {"uv": [3, 4, 3.2, 4.5375], "texture": "#0"},
				"down": {"uv": [3, 4, 3.2, 4.5375], "texture": "#0"}
			}
		},
		{
			"from": [8.85, 3.9, -1.85],
			"to": [9.1, 5.4, 0.4],
			"faces": {
				"north": {"uv": [10, 1, 10.125, 1.75], "texture": "#0"},
				"east": {"uv": [10, 1, 11.125, 1.75], "texture": "#0"},
				"south": {"uv": [10, 1, 10.125, 1.75], "texture": "#0"},
				"west": {"uv": [10, 1, 11.125, 1.75], "texture": "#0"},
				"up": {"uv": [10, 1, 10.125, 2.125], "texture": "#0"},
				"down": {"uv": [10, 1, 10.125, 2.125], "texture": "#0"}
			}
		},
		{
			"from": [7.25, 3.55, -1.85],
			"to": [8.75, 3.8, 0.4],
			"faces": {
				"north": {"uv": [10, 1, 10.75, 1.125], "texture": "#0"},
				"east": {"uv": [10, 1, 11.125, 1.125], "texture": "#0"},
				"south": {"uv": [10, 1, 10.75, 1.125], "texture": "#0"},
				"west": {"uv": [10, 1, 11.125, 1.125], "texture": "#0"},
				"up": {"uv": [10, 1, 10.75, 2.125], "texture": "#0"},
				"down": {"uv": [10, 1, 10.75, 2.125], "texture": "#0"}
			}
		},
		{
			"from": [6.9, 3.9, 3.15],
			"to": [7.15, 5.4, 5.4],
			"faces": {
				"north": {"uv": [10, 1, 10.125, 1.75], "texture": "#0"},
				"east": {"uv": [10, 1, 11.125, 1.75], "texture": "#0"},
				"south": {"uv": [10, 1, 10.125, 1.75], "texture": "#0"},
				"west": {"uv": [10, 1, 11.125, 1.75], "texture": "#0"},
				"up": {"uv": [10, 1, 10.125, 2.125], "texture": "#0"},
				"down": {"uv": [10, 1, 10.125, 2.125], "texture": "#0"}
			}
		},
		{
			"from": [7.25, 3.55, 3.15],
			"to": [8.75, 3.8, 5.4],
			"faces": {
				"north": {"uv": [10, 1, 10.75, 1.125], "texture": "#0"},
				"east": {"uv": [10, 1, 11.125, 1.125], "texture": "#0"},
				"south": {"uv": [10, 1, 10.75, 1.125], "texture": "#0"},
				"west": {"uv": [10, 1, 11.125, 1.125], "texture": "#0"},
				"up": {"uv": [10, 1, 10.75, 2.125], "texture": "#0"},
				"down": {"uv": [10, 1, 10.75, 2.125], "texture": "#0"}
			}
		},
		{
			"from": [8.85, 3.9, 3.15],
			"to": [9.1, 5.4, 5.4],
			"faces": {
				"north": {"uv": [10, 1, 10.125, 1.75], "texture": "#0"},
				"east": {"uv": [10, 1, 11.125, 1.75], "texture": "#0"},
				"south": {"uv": [10, 1, 10.125, 1.75], "texture": "#0"},
				"west": {"uv": [10, 1, 11.125, 1.75], "texture": "#0"},
				"up": {"uv": [10, 1, 10.125, 2.125], "texture": "#0"},
				"down": {"uv": [10, 1, 10.125, 2.125], "texture": "#0"}
			}
		},
		{
			"from": [7.25, 5.5, -1.85],
			"to": [8.75, 5.75, 0.4],
			"faces": {
				"north": {"uv": [10, 1, 10.75, 1.125], "texture": "#0"},
				"east": {"uv": [10, 1, 11.125, 1.125], "texture": "#0"},
				"south": {"uv": [10, 1, 10.75, 1.125], "texture": "#0"},
				"west": {"uv": [10, 1, 11.125, 1.125], "texture": "#0"},
				"up": {"uv": [10, 1, 11.125, 1.125], "texture": "#0"},
				"down": {"uv": [10, 1, 10.75, 2.125], "texture": "#0"}
			}
		},
		{
			"from": [7.25, 5.5, 3.15],
			"to": [8.75, 5.75, 5.4],
			"faces": {
				"north": {"uv": [10, 1, 10.75, 1.125], "texture": "#0"},
				"east": {"uv": [10, 1, 11.125, 1.125], "texture": "#0"},
				"south": {"uv": [10, 1, 10.75, 1.125], "texture": "#0"},
				"west": {"uv": [10, 1, 11.125, 1.125], "texture": "#0"},
				"up": {"uv": [10, 1, 11.125, 1.125], "texture": "#0"},
				"down": {"uv": [10, 1, 10.75, 2.125], "texture": "#0"}
			}
		},
		{
			"from": [7.25, 5.5, 0.65],
			"to": [8.75, 5.75, 2.9],
			"faces": {
				"north": {"uv": [10, 1, 10.75, 1.125], "texture": "#0"},
				"east": {"uv": [10, 1, 11.125, 1.125], "texture": "#0"},
				"south": {"uv": [10, 1, 10.75, 1.125], "texture": "#0"},
				"west": {"uv": [10, 1, 11.125, 1.125], "texture": "#0"},
				"up": {"uv": [10, 1, 11.125, 1.125], "texture": "#0"},
				"down": {"uv": [10, 1, 10.75, 2.125], "texture": "#0"}
			}
		},
		{
			"from": [6.9, 3.9, 0.65],
			"to": [7.15, 5.4, 2.9],
			"faces": {
				"north": {"uv": [10, 1, 10.125, 1.75], "texture": "#0"},
				"east": {"uv": [10, 1, 11.125, 1.75], "texture": "#0"},
				"south": {"uv": [10, 1, 10.125, 1.75], "texture": "#0"},
				"west": {"uv": [10, 1, 11.125, 1.75], "texture": "#0"},
				"up": {"uv": [10, 1, 10.125, 2.125], "texture": "#0"},
				"down": {"uv": [10, 1, 10.125, 2.125], "texture": "#0"}
			}
		},
		{
			"from": [7.25, 3.55, 0.65],
			"to": [8.75, 3.8, 2.9],
			"faces": {
				"north": {"uv": [10, 1, 10.75, 1.125], "texture": "#0"},
				"east": {"uv": [10, 1, 11.125, 1.125], "texture": "#0"},
				"south": {"uv": [10, 1, 10.75, 1.125], "texture": "#0"},
				"west": {"uv": [10, 1, 11.125, 1.125], "texture": "#0"},
				"up": {"uv": [10, 1, 10.75, 2.125], "texture": "#0"},
				"down": {"uv": [10, 1, 10.75, 2.125], "texture": "#0"}
			}
		},
		{
			"from": [8.85, 3.9, 0.65],
			"to": [9.1, 5.4, 2.9],
			"faces": {
				"north": {"uv": [10, 1, 10.125, 1.75], "texture": "#0"},
				"east": {"uv": [10, 1, 11.125, 1.75], "texture": "#0"},
				"south": {"uv": [10, 1, 10.125, 1.75], "texture": "#0"},
				"west": {"uv": [10, 1, 11.125, 1.75], "texture": "#0"},
				"up": {"uv": [10, 1, 10.125, 2.125], "texture": "#0"},
				"down": {"uv": [10, 1, 10.125, 2.125], "texture": "#0"}
			}
		},
		{
			"from": [6.9, 3.9, -1.85],
			"to": [7.15, 5.4, 0.4],
			"faces": {
				"north": {"uv": [10, 1, 10.125, 1.75], "texture": "#0"},
				"east": {"uv": [10, 1, 11.125, 1.75], "texture": "#0"},
				"south": {"uv": [10, 1, 10.125, 1.75], "texture": "#0"},
				"west": {"uv": [10, 1, 11.125, 1.75], "texture": "#0"},
				"up": {"uv": [10, 1, 10.125, 2.125], "texture": "#0"},
				"down": {"uv": [10, 1, 10.125, 2.125], "texture": "#0"}
			}
		},
		{
			"from": [7.55, 5.7, 6.15],
			"to": [8.45, 5.9, 6.65],
			"rotation": {"angle": 0, "axis": "y", "origin": [8, 8, 4.25]},
			"faces": {
				"north": {"uv": [11, 2, 11.1, 2.45], "rotation": 90, "texture": "#0"},
				"east": {"uv": [11, 2, 11.1, 2.25], "rotation": 90, "texture": "#0"},
				"south": {"uv": [11, 2, 11.1, 2.45], "rotation": 90, "texture": "#0"},
				"west": {"uv": [11, 2, 11.1, 2.25], "rotation": 90, "texture": "#0"},
				"up": {"uv": [11, 2, 11.1, 2.25], "rotation": 90, "texture": "#0"},
				"down": {"uv": [11, 2, 11.25, 2.45], "rotation": 90, "texture": "#0"}
			}
		},
		{
			"from": [7.55, 5.7, 9.15],
			"to": [8.45, 5.9, 9.65],
			"rotation": {"angle": 0, "axis": "y", "origin": [8, 8, 7.25]},
			"faces": {
				"north": {"uv": [11, 2, 11.1, 2.45], "rotation": 90, "texture": "#0"},
				"east": {"uv": [11, 2, 11.1, 2.25], "rotation": 90, "texture": "#0"},
				"south": {"uv": [11, 2, 11.1, 2.45], "rotation": 90, "texture": "#0"},
				"west": {"uv": [11, 2, 11.1, 2.25], "rotation": 90, "texture": "#0"},
				"up": {"uv": [11, 2, 11.1, 2.25], "rotation": 90, "texture": "#0"},
				"down": {"uv": [11, 2, 11.25, 2.45], "rotation": 90, "texture": "#0"}
			}
		},
		{
			"from": [7.55, 5.7, 8.4],
			"to": [8.45, 5.9, 8.9],
			"rotation": {"angle": 0, "axis": "y", "origin": [8, 8, 6.5]},
			"faces": {
				"north": {"uv": [11, 2, 11.1, 2.45], "rotation": 90, "texture": "#0"},
				"east": {"uv": [11, 2, 11.1, 2.25], "rotation": 90, "texture": "#0"},
				"south": {"uv": [11, 2, 11.1, 2.45], "rotation": 90, "texture": "#0"},
				"west": {"uv": [11, 2, 11.1, 2.25], "rotation": 90, "texture": "#0"},
				"up": {"uv": [11, 2, 11.1, 2.25], "rotation": 90, "texture": "#0"},
				"down": {"uv": [11, 2, 11.25, 2.45], "rotation": 90, "texture": "#0"}
			}
		},
		{
			"from": [7.55, 5.7, 9.9],
			"to": [8.45, 5.9, 10.4],
			"faces": {
				"north": {"uv": [11, 2, 11.1, 2.45], "rotation": 90, "texture": "#0"},
				"east": {"uv": [11, 2, 11.1, 2.25], "rotation": 90, "texture": "#0"},
				"south": {"uv": [11, 2, 11.1, 2.45], "rotation": 90, "texture": "#0"},
				"west": {"uv": [11, 2, 11.1, 2.25], "rotation": 90, "texture": "#0"},
				"up": {"uv": [11, 2, 11.1, 2.25], "rotation": 90, "texture": "#0"},
				"down": {"uv": [11, 2, 11.25, 2.45], "rotation": 90, "texture": "#0"}
			}
		},
		{
			"from": [7.55, 5.7, 10.6],
			"to": [8.45, 6.05, 11.7],
			"faces": {
				"north": {"uv": [2, 2, 2.45, 2.175], "texture": "#0"},
				"east": {"uv": [2, 2, 2.55, 2.175], "texture": "#0"},
				"south": {"uv": [2, 2, 2.45, 2.175], "texture": "#0"},
				"west": {"uv": [2, 2, 2.55, 2.175], "texture": "#0"},
				"up": {"uv": [2, 2, 2.45, 2.55], "texture": "#0"},
				"down": {"uv": [2, 2, 2.45, 2.55], "texture": "#0"}
			}
		},
		{
			"from": [7.45, 5.7, 6.6],
			"to": [8.55, 6.2, 8.7],
			"faces": {
				"north": {"uv": [2, 3, 2.55, 3.25], "texture": "#0"},
				"east": {"uv": [2, 3, 3.05, 3.25], "texture": "#0"},
				"south": {"uv": [2, 3, 2.55, 3.25], "texture": "#0"},
				"west": {"uv": [2, 3, 3.05, 3.25], "texture": "#0"},
				"up": {"uv": [2, 3, 2.55, 4.05], "texture": "#0"},
				"down": {"uv": [2, 3, 2.55, 4.05], "texture": "#0"}
			}
		},
		{
			"from": [7.45, 6.2, 6.8],
			"to": [8.55, 6.35, 7.1],
			"faces": {
				"north": {"uv": [11, 3, 11.55, 3.075], "texture": "#0"},
				"east": {"uv": [11, 3, 11.15, 3.075], "texture": "#0"},
				"south": {"uv": [11, 3, 11.55, 3.075], "texture": "#0"},
				"west": {"uv": [11, 3, 11.15, 3.075], "texture": "#0"},
				"up": {"uv": [11, 3, 11.55, 3.15], "texture": "#0"},
				"down": {"uv": [11, 3, 11.55, 3.15], "texture": "#0"}
			}
		},
		{
			"from": [7.45, 7.3, 6.8],
			"to": [8.55, 7.45, 7.1],
			"faces": {
				"north": {"uv": [11, 3, 11.55, 3.075], "texture": "#0"},
				"east": {"uv": [11, 3, 11.15, 3.075], "texture": "#0"},
				"south": {"uv": [11, 3, 11.55, 3.075], "texture": "#0"},
				"west": {"uv": [11, 3, 11.15, 3.075], "texture": "#0"},
				"up": {"uv": [11, 3, 11.55, 3.15], "texture": "#0"},
				"down": {"uv": [11, 3, 11.55, 3.15], "texture": "#0"}
			}
		},
		{
			"from": [8, 6.8, 6.8],
			"to": [8.05, 6.85, 6.825],
			"faces": {
				"north": {"uv": [9, 9, 9.025, 9.025], "texture": "#0"},
				"east": {"uv": [9, 9, 9.025, 9.025], "texture": "#0"},
				"south": {"uv": [9, 9, 9.025, 9.025], "texture": "#0"},
				"west": {"uv": [9, 9, 9.025, 9.025], "texture": "#0"},
				"up": {"uv": [9, 9, 9.025, 9.025], "texture": "#0"},
				"down": {"uv": [9, 9, 9.025, 9.025], "texture": "#0"}
			}
		},
		{
			"from": [7.35, 6.3, 6.8],
			"to": [7.45, 7.4, 7.1],
			"faces": {
				"north": {"uv": [11, 3, 11.05, 3.55], "texture": "#0"},
				"east": {"uv": [11, 3, 11.15, 3.55], "texture": "#0"},
				"south": {"uv": [11, 3, 11.05, 3.55], "texture": "#0"},
				"west": {"uv": [11, 3, 11.15, 3.55], "texture": "#0"},
				"up": {"uv": [11, 3, 11.05, 3.15], "texture": "#0"},
				"down": {"uv": [11, 3, 11.05, 3.15], "texture": "#0"}
			}
		},
		{
			"from": [8.55, 6.3, 6.8],
			"to": [8.65, 7.4, 7.1],
			"faces": {
				"north": {"uv": [11, 3, 11.05, 3.55], "texture": "#0"},
				"east": {"uv": [11, 3, 11.15, 3.55], "texture": "#0"},
				"south": {"uv": [11, 3, 11.05, 3.55], "texture": "#0"},
				"west": {"uv": [11, 3, 11.15, 3.55], "texture": "#0"},
				"up": {"uv": [11, 3, 11.05, 3.15], "texture": "#0"},
				"down": {"uv": [11, 3, 11.05, 3.15], "texture": "#0"}
			}
		},
		{
			"from": [7.15, 5.35, 6.65],
			"to": [8.85, 5.6, 7.55],
			"faces": {
				"north": {"uv": [1, 11, 1.85, 11.125], "texture": "#0"},
				"east": {"uv": [1, 11, 1.45, 11.125], "texture": "#0"},
				"south": {"uv": [1, 11, 1.85, 11.125], "texture": "#0"},
				"west": {"uv": [1, 11, 1.45, 11.125], "texture": "#0"},
				"up": {"uv": [1, 11, 1.85, 11.45], "texture": "#0"},
				"down": {"uv": [1, 11, 1.85, 11.45], "texture": "#0"}
			}
		},
		{
			"from": [7.25, 3.1, 6.2],
			"to": [8.75, 3.45, 6.55],
			"faces": {
				"north": {"uv": [1, 11, 1.175, 11.175], "texture": "#0"},
				"east": {"uv": [1, 11, 1.175, 11.175], "texture": "#0"},
				"south": {"uv": [1, 11, 1.175, 11.175], "texture": "#0"},
				"west": {"uv": [1, 11, 1.175, 11.175], "texture": "#0"},
				"up": {"uv": [1, 11, 1.175, 11.175], "texture": "#0"},
				"down": {"uv": [1, 11, 1.175, 11.175], "texture": "#0"}
			}
		},
		{
			"from": [7.9, 2.43381, 9.52535],
			"to": [8.3, 3.13381, 9.75035],
			"rotation": {"angle": 0, "axis": "y", "origin": [8, 8.74747, 9.88429]},
			"faces": {
				"north": {"uv": [5, 11, 5.1125, 11.35], "texture": "#0"},
				"east": {"uv": [5, 11, 5.1125, 11.35], "texture": "#0"},
				"south": {"uv": [5, 11, 5.1125, 11.35], "texture": "#0"},
				"west": {"uv": [5, 11, 5.1125, 11.35], "texture": "#0"},
				"up": {"uv": [5, 11, 5.1125, 11.35], "texture": "#0"},
				"down": {"uv": [5, 11, 5.1125, 11.35], "texture": "#0"}
			}
		},
		{
			"from": [7.325, 3.3, 10.5],
			"to": [8.675, 3.95, 10.85],
			"faces": {
				"north": {"uv": [1, 11, 1.175, 11.325], "texture": "#0"},
				"east": {"uv": [1, 11, 1.175, 11.325], "texture": "#0"},
				"south": {"uv": [1, 11, 1.175, 11.325], "texture": "#0"},
				"west": {"uv": [1, 11, 1.175, 11.325], "texture": "#0"},
				"up": {"uv": [1, 11, 1.175, 11.325], "texture": "#0"},
				"down": {"uv": [1, 11, 1.175, 11.325], "texture": "#0"}
			}
		},
		{
			"from": [7.5, -1.29436, 8.11083],
			"to": [8.6, 1.30564, 9.36083],
			"rotation": {"angle": -22.5, "axis": "x", "origin": [8, 7.8904, 6.33499]},
			"faces": {
				"north": {"uv": [2, 2, 2.55, 3.3], "texture": "#0"},
				"east": {"uv": [2, 2, 2.625, 3.3], "texture": "#0"},
				"south": {"uv": [2, 2, 2.55, 3.3], "texture": "#0"},
				"west": {"uv": [2, 2, 2.625, 3.3], "texture": "#0"},
				"up": {"uv": [2, 2, 2.55, 2.625], "texture": "#0"},
				"down": {"uv": [2, 2, 2.55, 2.625], "texture": "#0"}
			}
		}
	],
	"display": {
		"thirdperson_righthand": {
			"translation": [-0.25, 4.75, -2.25],
			"scale": [0, 0, 0]
		},
		"thirdperson_lefthand": {
			"translation": [-0.25, 4.75, -2.25],
			"scale": [0, 0, 0]
		},
		"firstperson_righthand": {
			"rotation": [0, 0, 13],
			"translation": [-3.5, 6.75, 1.5]
		},
		"firstperson_lefthand": {
			"rotation": [0, 0, 13],
			"translation": [-3.5, 6.75, 1.5]
		},
		"ground": {
			"rotation": [0, 0, 90],
			"translation": [0, 4, 0],
			"scale": [0.7, 0.7, 0.7]
		},
		"gui": {
			"rotation": [30, 146, 0],
			"translation": [0.25, 3.5, 0],
			"scale": [0.9, 0.9, 0.9]
		}
	},
	"groups": [
		{
			"name": "1",
			"origin": [8, 7.925, 9.65],
			"children": [0, 1]
		},
		{
			"name": "2",
			"origin": [8.2, 11.17211, 8.55807],
			"children": [2, 3, 4, 5, 6, 7, 8, 9]
		}, 10, 11, 12, 13, 14, 15, 16, 17, 18, 19, 20, 21, 22, 23, 24, 25, 26, 27, 28, 29, 30, 31, 32, 33, 34, 35, 36, 37, 38, 39, 40, 41, 42, 43, 44, 45, 46, 47, 48, 49, 50, 51, 52, 53, 54, 55, 56, 57, 58, 59, 60, 61, 62, 63, 64]
}