{
	"credit": "By NZ in Blockbench",
	"textures": {
		"0": "modularwarfare:items/guns/pistol_ammo",
		"particle": "modularwarfare:items/guns/pistol_ammo"
	},
	"elements": [
		{
			"from": [4, 0, 7],
			"to": [11, 4, 11],
			"faces": {
				"north": {"uv": [0, 0, 7, 4], "texture": "#0"},
				"east": {"uv": [7, 0, 11, 4], "texture": "#0"},
				"south": {"uv": [0, 4, 7, 8], "texture": "#0"},
				"west": {"uv": [7, 0, 11, 4], "texture": "#0"},
				"up": {"uv": [7, 4, 14, 8], "texture": "#0"},
				"down": {"uv": [0, 9, 7, 13], "texture": "#0"}
			}
		},
		{
			"from": [4, 3.95, 6.95],
			"to": [11, 4.05, 10.95],
			"rotation": {"angle": 22.5, "axis": "x", "origin": [7.5, 4, 10.95]},
			"faces": {
				"north": {"uv": [0, 9, 7, 9.1], "texture": "#0"},
				"east": {"uv": [0, 9, 0.1, 13], "rotation": 90, "texture": "#0"},
				"south": {"uv": [0, 9, 7, 9.1], "texture": "#0"},
				"west": {"uv": [0, 9, 0.1, 13], "rotation": 90, "texture": "#0"},
				"up": {"uv": [8, 9, 15, 13], "texture": "#0"},
				"down": {"uv": [0, 9, 7, 13], "rotation": 180, "texture": "#0"}
			}
		}
	],
	"display": {
		"thirdperson_righthand": {
			"rotation": [41, 10, 0],
			"translation": [-0.75, 3.25, 1.75],
			"scale": [0.55, 0.55, 0.55]
		},
		"thirdperson_lefthand": {
			"rotation": [42, 20, 0],
			"translation": [-1.5, 3.25, 2.25],
			"scale": [0.55, 0.55, 0.55]
		},
		"firstperson_righthand": {
			"rotation": [-9, 106, 3],
			"translation": [1.5, 5.25, 0],
			"scale": [0.55, 0.55, 0.55]
		},
		"ground": {
			"translation": [0, 2.5, 0],
			"scale": [0.55, 0.55, 0.55]
		},
		"gui": {
			"rotation": [36, 157, 0],
			"translation": [-1.25, 6.75, 0],
			"scale": [1.64, 1.64, 1.64]
		}
	}
}