{
    "internalName": "prototype.revolver",
    "displayName": "Револьвер",
    "weaponType": "revolver",

    "gunDamage": 12,
    "gunDamageHeadshotBonus": 12,
    "roundsPerMin": 300,
    "reloadTime": 100,

    "acceptedBullets": ["prototype.44magnum"],
    "internalAmmoStorage": 6,

    "recoilPitch": 14.0,
    "recoilYaw": 0.5,
    "randomRecoilPitch": 5.0,
    "randomRecoilYaw": 0.1,

    "armPose": "ITEM",
    "armPoseAiming": "BOW_AND_ARROW",

    "accuracySneakFactor": 0.75,
    "allowEmptyMagazines": true,
    "moveSpeedModifier": 1.07,
    "allowSprintFiring": true,

    "fireModes": ["semi"],
    "dropBulletCasing": false,

    "weaponSoundMap": {
        "weaponFire": [
            {
                "soundEvent": "weaponFire",
                "soundName": "prototype.taurus.shoot",
                "soundNameDistant": "prototype.taurus.shoot.distant",
                "soundRange": 64,
                "soundMaxRange": 96,
                "soundFadeMultiplier": 1
            }
        ],
        "weaponReload": [
            {
                "soundEvent": "weaponReload",
                "soundName": "prototype.p88.reload"
            }
        ],
        "weaponUnload": [
            {
                "soundEvent": "weaponUnload",
                "soundName": "prototype.generic.unload"
            }
        ],
        "weaponLoad": [
            {
                "soundEvent": "weaponLoad",
                "soundName": "prototype.generic.load"
            }
        ],
        "weaponFireSuppressed": [
            {
                "soundEvent": "weaponFireSuppressed",
                "soundName": "prototype.p88.shoot.sup",
                "soundRange": 30,
                "soundMaxRange": 50,
                "soundFadeMultiplier": 1
            }
        ],
        "weaponBulletLoad": [
            {
                "soundEvent": "weaponBulletLoad",
                "soundName": "prototype.spas12.chamber"
            }
        ]
    },
    "modelSkins": [
        {
            "internalName": "prototype.revolver",
            "skinAsset": "prototype.revolver",
            "displayName": "Default"
        }
    ]
}