{
    "internalName": "prototype.hk416",
    "displayName": "Карабин 5.56",
    "weaponType": "carbine",

    "gunDamage": 9,
    "gunDamageHeadshotBonus": 2,

    "roundsPerMin": 600,

    "allowEmptyMagazines": true,

    "recoilPitch": 3.0,
    "recoilYaw": 1.5,
    "randomRecoilPitch": 0.8,
    "randomRecoilYaw": 0.8,

    "accuracySneakFactor": 0.75,
    "moveSpeedModifier": 1.0,
    "allowSprintFiring": true,

    "fireModes": ["full", "semi", "burst"],
    "acceptedAmmo": ["prototype.hk416ammo"],

    "dropBulletCasing": true,

    "shellEjectOffsetNormal": {
        "x": -1.0,
        "y": 0.0,
        "z": 1.0
    },
    "shellEjectOffsetAiming": {
        "x": -0.2,
        "y": 0.12,
        "z": 0.5
    },
    "weaponSoundMap": {
        "weaponFire": [
            {
                "soundEvent": "weaponFire",
                "soundName": "prototype.hk416.shoot",
                "soundNameDistant": "prototype.hk416.shoot.distant",
                "soundRange": 64,
                "soundMaxRange": 96,
                "soundFadeMultiplier": 1
            }
        ],
        "weaponUnload": [
            {
                "soundEvent": "weaponReload",
                "soundName": "prototype.generic.reload"
            }
        ],
        "weaponFireSuppressed": [
            {
                "soundEvent": "weaponFireSuppressed",
                "soundName": "prototype.hk416.shoot.sup",
                "soundRange": 30,
                "soundMaxRange": 30,
                "soundFadeMultiplier": 1
            }
        ]
    },
    "acceptedAttachments": {
        "sight": [
            "prototype.docter_sight"
        ],
        "barrel": [
            "prototype.ar_suppressor"
        ],
        "flashlight": [
            "prototype.mp5_flashlight"
        ]
    },
    "modelSkins": [
        {
            "internalName": "prototype.fnx45",
            "skinAsset": "prototype.fnx45",
            "displayName": "Default"
        }
    ]
}