{
  "displayName": "Винтовка 5.56",
  "internalName": "prototype.l115a3",
  "weaponType": "boltsniper",
  "gunDamage": 20,
  "gunDamageHeadshotBonus": 10,
  "roundsPerMin": 34,
  "fireModes": ["semi"],
  
  "acceptedBullets": ["prototype.5_56x45"],
  "internalAmmoStorage": 5,

  "recoilPitch": 20.0,
  "recoilYaw": 1.0,
  "randomRecoilPitch": 5.5,
  "randomRecoilYaw": 0.5,

  "allowSprintFiring": true,
  "allowEmptyMagazines": true,
  "moveSpeedModifier": 0.9,
  "accuracySneakFactor": 0.5,

  "shellEjectOffsetNormal": {
    "x": -1.0,
    "y": 0.0,
    "z": 1.0
  },
  "shellEjectOffsetAiming": {
    "x": -0.2,
    "y": 0.12,
    "z": 0.5
  },

  "weaponSoundMap": {
    "weaponFire": [
      {
        "soundEvent": "weaponFire",
        "soundName": "prototype.l115a3.shoot",
        "soundNameDistant": "prototype.l115a3.distant",
        "soundRange": 64,
        "soundMaxRange": 96,
        "soundFadeMultiplier": 1
      }
    ],
    "weaponFireSuppressed": [
      {
        "soundEvent": "weaponFireSuppressed",
        "soundName": "prototype.l115a3.shoot.sup",
        "soundNameDistant": "prototype.l115a3.sup",
        "soundRange": 20,
        "soundMaxRange": 32,
        "soundFadeMultiplier": 1
      }
    ],
    "weaponBulletLoad": [
      {
        "soundEvent": "weaponReload",
        "soundName": "prototype.l115a3.reload"
      }
    ],
    "weaponBolt": [
      {
        "soundEvent": "weaponBolt",
        "soundName": "prototype.l115a3.bolt"
      }
    ]
  },
  "modelSkins": [
    {
        "internalName": "prototype.fnx45",
        "skinAsset": "prototype.fnx45",
        "displayName": "Default"
    }
  ]
}
