{
    "internalName": "prototype.mp5sd",
    "displayName": "MP5-SD",
    "weaponType": "smg",

    "gunDamage": 6.5,
    "gunDamageHeadshotBonus": 2.0,

    "roundsPerMin": 500,

    "allowEmptyMagazines": true,

    "recoilPitch": 2.5,
    "recoilYaw": 1.5,
    "randomRecoilPitch": 0.8,
    "randomRecoilYaw": 0.8,
    "bulletSpread": 1.5,

    "accuracySneakFactor": 0.8,
    "moveSpeedModifier": 1.0,
    "allowSprintFiring": true,

    "dropBulletCasing": true,

    "fireModes": ["full", "semi"],
    "acceptedAmmo": ["prototype.fnx45ammo"],

    "shellEjectOffsetNormal": {
        "x": -1.0,
        "y": 0.0,
        "z": 1.0
    },
    "shellEjectOffsetAiming": {
        "x": -0.2,
        "y": 0.12,
        "z": 0.5
    },
    "weaponSoundMap": {
        "weaponFire": [
            {
                "soundEvent": "weaponFire",
                "soundName": "prototype.mp5sd.shoot",
                "soundRange": 64,
                "soundMaxRange": 96,
                "soundFadeMultiplier": 1
            }
        ],
        "weaponUnload": [
            {
                "soundEvent": "weaponReload",
                "soundName": "prototype.generic.reload"
            }
        ]
    },
    "acceptedAttachments": {
        "sight": [
            "prototype.docter_sight_mini"
        ],
        "flashlight": [
            "prototype.mp5_flashlight"
        ]
    },
    "modelSkins": [
        {
            "internalName": "prototype.fnx45",
            "skinAsset": "prototype.fnx45",
            "displayName": "Default"
        }
    ]
}