{
	"credit": "By NZ in Blockbench",
	"textures": {
		"0": "blocks/lantern",
		"particle": "blocks/lantern"
	},
	"elements": [
		{
			"from": [5.9, 0, 5.9],
			"to": [10.1, 0.5, 10.1],
			"rotation": {"angle": 0, "axis": "y", "origin": [15, 8, 17]},
			"faces": {
				"north": {"uv": [1, 1, 5.2, 1.5], "texture": "#0"},
				"east": {"uv": [1, 1, 5.2, 1.5], "texture": "#0"},
				"south": {"uv": [1, 1, 5.2, 1.5], "texture": "#0"},
				"west": {"uv": [1, 1, 5.2, 1.5], "texture": "#0"},
				"up": {"uv": [1, 1, 5.2, 5.2], "texture": "#0"},
				"down": {"uv": [0, 12, 4, 16], "texture": "#0"}
			}
		},
		{
			"from": [7.1, 0.5, 7.1],
			"to": [8.9, 3.8, 8.9],
			"rotation": {"angle": 0, "axis": "y", "origin": [15, 8, 17]},
			"faces": {
				"north": {"uv": [1, 1, 2.8, 4.3], "texture": "#0"},
				"east": {"uv": [1, 1, 2.8, 4.3], "texture": "#0"},
				"south": {"uv": [1, 1, 2.8, 4.3], "texture": "#0"},
				"west": {"uv": [1, 1, 2.8, 4.3], "texture": "#0"},
				"up": {"uv": [1, 1, 3, 4], "texture": "#0"},
				"down": {"uv": [1, 1, 2.8, 2.8], "texture": "#0"}
			}
		},
		{
			"from": [6.9, 1.5, 6.9],
			"to": [9.1, 3.5, 9.1],
			"rotation": {"angle": 0, "axis": "y", "origin": [15, 9, 17]},
			"faces": {
				"north": {"uv": [14, 0, 16, 2], "texture": "#0"},
				"east": {"uv": [14, 0, 16, 2], "texture": "#0"},
				"south": {"uv": [14, 0, 16, 2], "texture": "#0"},
				"west": {"uv": [14, 0, 16, 2], "texture": "#0"},
				"up": {"uv": [14, 0, 16, 2], "texture": "#0"},
				"down": {"uv": [14, 0, 16, 2], "texture": "#0"}
			}
		},
		{
			"from": [6.8, 1.3, 6.8],
			"to": [9.2, 1.5, 9.2],
			"rotation": {"angle": 0, "axis": "y", "origin": [15, 8.8, 17]},
			"faces": {
				"north": {"uv": [1, 12, 3.4, 12.2], "texture": "#0"},
				"east": {"uv": [1, 12, 3.4, 12.2], "texture": "#0"},
				"south": {"uv": [1, 12, 3.4, 12.2], "texture": "#0"},
				"west": {"uv": [1, 12, 3.4, 12.2], "texture": "#0"},
				"up": {"uv": [1, 12, 3.4, 14.4], "texture": "#0"},
				"down": {"uv": [1, 12, 3.4, 14.4], "texture": "#0"}
			}
		},
		{
			"from": [6.8, 0.5, 6.8],
			"to": [9.2, 0.7, 9.2],
			"rotation": {"angle": 0, "axis": "y", "origin": [15, 8, 17]},
			"faces": {
				"north": {"uv": [1, 12, 3.4, 12.2], "texture": "#0"},
				"east": {"uv": [1, 12, 3.4, 12.2], "texture": "#0"},
				"south": {"uv": [1, 12, 3.4, 12.2], "texture": "#0"},
				"west": {"uv": [1, 12, 3.4, 12.2], "texture": "#0"},
				"up": {"uv": [1, 12, 3.4, 14.4], "texture": "#0"},
				"down": {"uv": [1, 12, 3.4, 14.4], "texture": "#0"}
			}
		},
		{
			"from": [6.8, 3.4, 6.8],
			"to": [9.2, 3.6, 9.2],
			"rotation": {"angle": 0, "axis": "y", "origin": [15, 10.9, 17]},
			"faces": {
				"north": {"uv": [1, 12, 3.4, 12.2], "texture": "#0"},
				"east": {"uv": [1, 12, 3.4, 12.2], "texture": "#0"},
				"south": {"uv": [1, 12, 3.4, 12.2], "texture": "#0"},
				"west": {"uv": [1, 12, 3.4, 12.2], "texture": "#0"},
				"up": {"uv": [1, 12, 3.4, 14.4], "texture": "#0"},
				"down": {"uv": [1, 12, 3.4, 14.4], "texture": "#0"}
			}
		},
		{
			"from": [5.9, 5, 5.9],
			"to": [10.1, 5.5, 10.1],
			"rotation": {"angle": 0, "axis": "y", "origin": [15, 13, 17]},
			"faces": {
				"north": {"uv": [1, 1, 5.2, 1.5], "texture": "#0"},
				"east": {"uv": [1, 1, 5.2, 1.5], "texture": "#0"},
				"south": {"uv": [1, 1, 5.2, 1.5], "texture": "#0"},
				"west": {"uv": [1, 1, 5.2, 1.5], "texture": "#0"},
				"up": {"uv": [1, 1, 5.2, 5.2], "texture": "#0"},
				"down": {"uv": [1, 1, 5.2, 5.2], "texture": "#0"}
			}
		},
		{
			"from": [6.4, 4.8, 6.4],
			"to": [9.6, 5.8, 9.6],
			"rotation": {"angle": 0, "axis": "y", "origin": [15.5, 12.5, 16.5]},
			"faces": {
				"north": {"uv": [1, 12, 4.2, 13], "texture": "#0"},
				"east": {"uv": [1, 12, 4.2, 13], "texture": "#0"},
				"south": {"uv": [1, 12, 4.2, 13], "texture": "#0"},
				"west": {"uv": [1, 12, 4.2, 13], "texture": "#0"},
				"up": {"uv": [1, 12, 4.2, 15.2], "texture": "#0"},
				"down": {"uv": [1, 12, 4.2, 15.2], "texture": "#0"}
			}
		},
		{
			"from": [6.4, 8.8, 7.8],
			"to": [9.6, 9.2, 8.2],
			"rotation": {"angle": 0, "axis": "y", "origin": [15.5, 15.8, 15]},
			"faces": {
				"north": {"uv": [11, 12, 14.2, 12.4], "texture": "#0"},
				"east": {"uv": [11, 12, 11.4, 12.4], "texture": "#0"},
				"south": {"uv": [11, 12, 14.2, 12.4], "texture": "#0"},
				"west": {"uv": [11, 12, 11.4, 12.4], "texture": "#0"},
				"up": {"uv": [11, 12, 14.2, 12.4], "texture": "#0"},
				"down": {"uv": [11, 12, 14.2, 12.4], "texture": "#0"}
			}
		},
		{
			"from": [6.5, 5.5, 7.9],
			"to": [6.8, 8.8, 8.1],
			"rotation": {"angle": 0, "axis": "y", "origin": [15.6, 15.5, 15]},
			"faces": {
				"north": {"uv": [1, 11, 1.3, 14.3], "texture": "#0"},
				"east": {"uv": [1, 11, 1.2, 14.3], "texture": "#0"},
				"south": {"uv": [1, 11, 1.3, 14.3], "texture": "#0"},
				"west": {"uv": [1, 11, 1.2, 14.3], "texture": "#0"},
				"up": {"uv": [1, 11, 1.3, 11.2], "texture": "#0"},
				"down": {"uv": [1, 11, 1.3, 11.2], "texture": "#0"}
			}
		},
		{
			"from": [9.2, 5.5, 7.9],
			"to": [9.5, 8.8, 8.1],
			"rotation": {"angle": 0, "axis": "y", "origin": [18.3, 15.5, 15]},
			"faces": {
				"north": {"uv": [1, 11, 1.3, 14.3], "texture": "#0"},
				"east": {"uv": [1, 11, 1.2, 14.3], "texture": "#0"},
				"south": {"uv": [1, 11, 1.3, 14.3], "texture": "#0"},
				"west": {"uv": [1, 11, 1.2, 14.3], "texture": "#0"},
				"up": {"uv": [1, 11, 1.3, 11.2], "texture": "#0"},
				"down": {"uv": [1, 11, 1.3, 11.2], "texture": "#0"}
			}
		},
		{
			"from": [6, 0.5, 9.5],
			"to": [6.5, 5, 10],
			"rotation": {"angle": 0, "axis": "y", "origin": [15, 13, 17]},
			"faces": {
				"north": {"uv": [0, 0, 0.5, 4.5], "texture": "#0"},
				"east": {"uv": [0, 0, 0.5, 4.5], "texture": "#0"},
				"south": {"uv": [0, 0, 0.5, 4.5], "texture": "#0"},
				"west": {"uv": [0, 0, 0.5, 4.5], "texture": "#0"},
				"up": {"uv": [0, 0, 0.5, 0.5], "texture": "#0"},
				"down": {"uv": [0, 0, 0.5, 0.5], "texture": "#0"}
			}
		},
		{
			"from": [9.5, 0.5, 6],
			"to": [10, 5, 6.5],
			"rotation": {"angle": 0, "axis": "y", "origin": [18.5, 13, 13.5]},
			"faces": {
				"north": {"uv": [0, 0, 0.5, 4.5], "texture": "#0"},
				"east": {"uv": [0, 0, 0.5, 4.5], "texture": "#0"},
				"south": {"uv": [0, 0, 0.5, 4.5], "texture": "#0"},
				"west": {"uv": [0, 0, 0.5, 4.5], "texture": "#0"},
				"up": {"uv": [0, 0, 0.5, 0.5], "texture": "#0"},
				"down": {"uv": [0, 0, 0.5, 0.5], "texture": "#0"}
			}
		},
		{
			"from": [6, 0.5, 6],
			"to": [6.5, 5, 6.5],
			"rotation": {"angle": 0, "axis": "y", "origin": [15, 13, 13.5]},
			"faces": {
				"north": {"uv": [0, 0, 0.5, 4.5], "texture": "#0"},
				"east": {"uv": [0, 0, 0.5, 4.5], "texture": "#0"},
				"south": {"uv": [0, 0, 0.5, 4.5], "texture": "#0"},
				"west": {"uv": [0, 0, 0.5, 4.5], "texture": "#0"},
				"up": {"uv": [0, 0, 0.5, 0.5], "texture": "#0"},
				"down": {"uv": [0, 0, 0.5, 0.5], "texture": "#0"}
			}
		},
		{
			"from": [9.5, 0.5, 9.5],
			"to": [10, 5, 10],
			"rotation": {"angle": 0, "axis": "y", "origin": [18.5, 13, 17]},
			"faces": {
				"north": {"uv": [0, 0, 0.5, 4.5], "texture": "#0"},
				"east": {"uv": [0, 0, 0.5, 4.5], "texture": "#0"},
				"south": {"uv": [0, 0, 0.5, 4.5], "texture": "#0"},
				"west": {"uv": [0, 0, 0.5, 4.5], "texture": "#0"},
				"up": {"uv": [0, 0, 0.5, 0.5], "texture": "#0"},
				"down": {"uv": [0, 0, 0.5, 0.5], "texture": "#0"}
			}
		}
	],
	"display": {
		"thirdperson_righthand": {
			"translation": [0, -3.5, 0]
		},
		"thirdperson_lefthand": {
			"translation": [0, -3, 0]
		},
		"firstperson_righthand": {
			"translation": [1.75, 6.5, 0]
		},
		"firstperson_lefthand": {
			"translation": [2.25, 7, 0]
		},
		"ground": {
			"translation": [0, 5.5, 0]
		},
		"gui": {
			"rotation": [20, -33, 0],
			"translation": [0, 5.25, 0],
			"scale": [1.42, 1.42, 1.42]
		}
	}
}